T_MAE,T_early_mean,T_min,T_soil,case,cat,cf_max,cf_mean,cf_start,dT_night,date,event,excluded,excluded_reason,icao,icon_T_10,icon_T_100,icon_T_1000,icon_T_200,icon_T_300,icon_T_50,icon_T_500,icon_qv_10,icon_qv_100,icon_qv_1000,icon_qv_200,icon_qv_300,icon_qv_50,icon_qv_500,icon_rh_10,icon_rh_100,icon_rh_1000,icon_rh_200,icon_rh_300,icon_rh_50,icon_rh_500,mod_min_vis,obs_T_start,obs_Td_start,obs_min_vis,obs_n,obs_n_fog,onset,prof_T_10,prof_T_100,prof_T_1000,prof_T_200,prof_T_300,prof_T_50,prof_T_500,prof_qv_10,prof_qv_100,prof_qv_1000,prof_qv_200,prof_qv_300,prof_qv_50,prof_qv_500,prof_rh_10,prof_rh_100,prof_rh_1000,prof_rh_200,prof_rh_300,prof_rh_50,prof_rh_500,qv_early_mean,regime,rh_early_max,rh_early_mean,rh_night_max,wind_start
0.994706840855406,13.982139687632298,10.385131121206598,13.600000000000023,LBBG_CDRY_2024-05-02,CDRY,0.78,0.31411764705882356,0.78,-4.599661427229307,2024-05-02,CN,False,,LBBG,,14.077908129745822,6.914558710497829,13.299658453250856,12.513550574651902,,10.777435173570723,,7.199174858129776,5.607006970141089,6.937537920531335,6.6825613087757345,,6.311523452843771,,0.7073120386937785,0.8029846589721458,0.7086984549595836,0.7110740356652645,,0.7364563411083207,10000.0,15.0,12.0,,34,0,,14.92396274217964,14.239627421796229,6.914558713818508,13.479254843592457,12.703016270097976,14.619813710898143,10.785621231423761,8.731688629095963,7.802614858764272,5.607006977149082,6.885784619950986,6.1434751215359205,8.305839637280135,6.288366719774893,0.812835874314408,0.7515452544785388,0.8029846597784613,0.689027385790714,0.6400009168932769,0.7849803749833456,0.7334011576773224,7.807063947117524,"[{'hour_utc': 18, 'regime': 'advective',",0.8185235483820663,0.7728441664581036,0.9406771521849537,2.0077494893086554
1.2519498367382331,13.599883206831397,9.019699465328074,17.0,LBBG_CDRY_2024-10-14,CDRY,0.65,0.2435294117647059,0.09,-7.006149468309161,2024-10-14,FA,False,,LBBG,,,13.369824917260189,17.774884576010663,17.474418387839137,,16.917723502898696,,,6.99411472806373,9.556821770010123,9.010462801372107,,7.967972311775306,,,0.6526986966473757,0.7348535063122942,0.6980080322014686,,0.6247723202057143,543.5150418681388,17.0,12.0,,34,0,,16.129244668186118,17.292446681861463,13.369824883672038,18.584893363722927,19.47871830701041,16.646223340930703,16.91717212842815,8.731688629095963,7.802614858764272,6.994114710274798,6.885784619950986,6.441233917350886,8.305839637280135,7.967680292916425,0.7513604701221893,0.6159597599314326,0.6526986964321735,0.494235136079361,0.4362597117107291,0.6878061358753952,0.6247736001457703,8.665527554649127,"[{'hour_utc': 18, 'regime': 'radiative',",0.9772608093485132,0.8849740376366931,0.9947972408566473,1.3384996595391037
2.0319544906299085,13.477150928586104,9.338009808067909,13.899999999999977,LBBG_CDRY_2024-10-31,CDRY,0.72,0.3241176470588235,0.59,-4.670945353518277,2024-10-31,CN,False,,LBBG,,,10.205673108208828,14.81903068978454,14.462183645374068,,13.74094808298804,,,6.111040683278614,8.023556580767362,7.598409641905924,,6.7591252663108365,,,0.70848795392392,0.7518048566611544,0.7197843692732097,,0.6553967547374714,10000.0,16.0,10.0,,34,0,,14.044775807930932,14.447758079309267,10.205673095103634,14.895516158618591,15.21961172003705,14.223879039654662,13.74079359368693,7.631857718402499,6.8198088747006524,6.111040678004817,6.018461383173235,5.495156045888314,7.259648113053098,6.759063096745897,0.7527283020987378,0.6479295026719504,0.7084879539237119,0.5485460314080528,0.4863589367911681,0.7042016302703349,0.6553977815316331,7.708462465934718,"[{'hour_utc': 18, 'regime': 'radiative',",0.8133216866982814,0.7903494432522589,0.9721770431156186,1.0038747446543277
1.080409826371702,2.8008430419205523,-3.159528583370559,4.399999999999977,LBBG_CDRY_2025-01-19,CDRY,0.07,0.007058823529411765,0.0,-7.209221960431876,2025-01-19,CN,False,,LBBG,,,5.776740432713666,8.955155095962482,8.620730807446648,,7.794107109987408,,,2.554208895637555,3.38766894708502,3.2439260165644965,,2.9947766937708136,,,0.4003226133448083,0.47043090874623783,0.4551068084354401,,0.43388358928195725,10000.0,6.0,-0.0,,34,0,,4.248466885306698,6.484668853067035,5.776740358194104,8.96933770613407,11.044291583060613,5.242334426533546,7.793263449516758,3.51056328084798,3.137031098648851,2.5542088980559927,2.7684214029001355,2.511760778907963,3.339351577020117,2.994804073699589,0.6756051062326391,0.5103728556682804,0.40032261582451417,0.3748216474929692,0.29389244207037785,0.596238033582878,0.4339128972637118,3.519496984819798,"[{'hour_utc': 18, 'regime': 'radiative',",0.8144176232979583,0.7528574999562345,0.9437792004709191,0.0
1.9971049459874424,22.69380178547085,18.28385973333866,24.80000000000001,LBBG_CDRY_2026-07-20,CDRY,0.17,0.025294117647058828,0.01,-6.7044925845984835,2026-07-20,FA,False,,LBBG,,,21.925529044512075,24.088477441545876,23.87913845414596,,23.5075593595908,,,12.710685719831393,13.342073927906569,11.507708243528072,,7.91312182572986,,,0.6811101269424186,0.6864051957453075,0.5927851184573122,,0.40749524778715007,525.3786827408603,26.0,19.0,,35,0,,24.941761589685598,24.417615896856375,21.925529057493975,23.835231793712808,23.40048953109425,24.70880794842816,23.507811023785337,13.792402177380058,12.324855059987065,12.710685701770291,10.876647590273636,9.934343045377007,13.119739273377384,7.9127716959504575,0.6795350196991177,0.6205641422847291,0.6811101254619405,0.56109719921963,0.5214902793823217,0.6526548269282904,0.4074685147667575,13.930843451315052,"[{'hour_utc': 18, 'regime': 'radiative',",0.9110154378190636,0.7942587071439347,0.9949133602419978,1.6731245744238794
1.098382997328095,24.167692238690403,22.041159164039925,25.19999999999999,LBBG_CDRY_2026-07-21,CDRY,0.79,0.49117647058823527,0.49,-2.9531921886139685,2026-07-21,CN,False,,LBBG,,,19.721523721267545,23.92555894087218,23.13852483318516,,21.622348787606484,,,11.793168321903906,15.756962516647603,15.13725128051176,,13.834518462448681,,,0.7259211797469356,0.8180109198768866,0.8159428862149787,,0.8005163956879968,10000.0,27.0,21.0,,35,0,,24.971756763269525,24.717567632695136,19.721523726722182,24.435135265390215,23.902224632947252,24.858783816347568,21.622469763342565,15.65866671363563,13.99254409858775,11.793168314293268,12.348378001313023,11.859398312943416,14.894985014165863,13.83434967031652,0.7700607284475086,0.6915948820960972,0.7259211790431178,0.6137724719405624,0.6072223171733161,0.734141506241837,0.800501017199426,16.070049882433466,"[{'hour_utc': 18, 'regime': 'advective',",0.8616918178743768,0.8319422672777389,0.9127844812816854,2.342374404193431
1.5453770873503287,-0.7653482218403156,-4.6994846698607375,1.8000000000000114,LBBG_CLDY_2025-02-09,CLDY,0.94,0.5599999999999999,0.82,-3.688670255329839,2025-02-09,CN,False,,LBBG,,,-6.071017210134471,,-2.51555158577321,,-3.12405880970897,,,2.302758128780402,,2.2404745836164293,,2.309841602240044,,,0.8630548336658095,,0.700487850518269,,0.7367614740590445,10000.0,-1.0,-6.0,,34,0,,-1.0540720726545487,-1.540720726545544,-6.071017194484227,-2.0814414530910312,-2.600312130243367,-1.2703603632727436,-3.1239286316809967,2.4120186210555055,2.155374504978069,2.302758131361677,1.9021124995839256,1.7261941667352851,2.294383572497389,2.3098630732431977,0.6803927770680442,0.6230957419174958,0.8630548336082945,0.5651671533243808,0.5276444724006102,0.6542928564267085,0.736761204477002,2.3058238787419514,"[{'hour_utc': 18, 'regime': 'dynamic', '",0.6857333196899891,0.6374660822328819,0.7503868798619705,5.68862355304119
1.0636411209484795,22.499998331559844,17.516296812533938,24.100000000000023,LBBG_DYNM_2024-07-25,DYNM,0.48,0.20294117647058824,0.0,-6.463703187466081,2024-07-25,CN,False,,LBBG,,22.756704050258293,16.877526372803345,22.05193800762163,21.37705700388011,23.109087071576596,20.133254983033964,,13.09614463867484,9.035747823166444,12.383625703877234,11.76043323040388,13.452404106073642,10.83931148632646,,0.7340179403178012,0.6627612819341353,0.7167712957655321,0.7023902201581387,0.7426412625939357,0.6842021224116942,10000.0,26.0,16.0,,34,0,,23.899999999999977,23.0,16.877526376743162,22.0,21.04427488772751,23.5,20.133300338591255,12.1292956594306,10.838707487588549,9.03574781745227,9.56512696084833,8.621420591897417,11.537743417424934,10.839245705082535,0.6373536854098346,0.5959338802600683,0.6627612813546743,0.5532690998317888,0.5237144938661906,0.6185766219792561,0.6841960112738111,13.138411570090991,"[{'hour_utc': 18, 'regime': 'advective',",0.8526069723920269,0.7575283956255643,0.994095663441608,2.0077494893086554
1.3690314996384112,1.1335778911513217,-0.7426729944725139,4.199999999999989,LBBG_DYNM_2024-12-27,DYNM,0.81,0.5529411764705883,0.52,-1.7377976952558924,2024-12-27,CN,False,,LBBG,,,-3.4884696480704065,0.4474045921008951,-0.10979146978866083,,-1.1452957985921444,,,2.8773525484312055,3.360946934814163,3.2698431082787978,,3.0889690064164794,,,0.8784353816274494,0.8485965232661328,0.8489295164404959,,0.843719140671345,10000.0,2.0,-1.0,,34,0,,0.9756235039169496,0.7562350391695531,-3.4884696427973836,0.5124700783391631,0.21355666559378506,0.878117519584805,-1.1452026538830182,3.51056328084798,3.137031098648851,2.877352550483764,2.7684214029001355,2.5292873046490025,3.339351577020117,3.089005263964653,0.8538470972704463,0.7665279078179127,0.8784353818853096,0.6799618806403677,0.6294480180557427,0.8138706907200552,0.843722994954884,3.471967138561773,"[{'hour_utc': 18, 'regime': 'dynamic', '",0.8620656108210111,0.8359763714963503,0.9158671363692205,3.3462491488477593
1.0028157667889919,0.701136331072189,-2.501916088479902,3.3000000000000114,LBBG_DYNM_2025-01-05,DYNM,0.5,0.13647058823529412,0.34,-2.5619160884799044,2025-01-05,CN,False,,LBBG,,,-1.2767117140761002,5.03171488708233,4.250718766869852,,2.7157737697891093,,,3.3968144991633284,4.318566339157001,4.2150965570653005,,3.985387634660131,,,0.8786648597757549,0.783913910641693,0.7984966905132765,,0.8211842510451604,10000.0,3.0,-0.0,,34,0,,0.30000000000001137,3.0,-1.2767117659946052,6.0,8.243378320836428,1.5,2.7145051158720435,3.26057173206161,2.913639313853802,3.396814488860659,2.57127884475566,2.4806924007488598,3.1015522599380168,3.9851358840112354,0.833017795101301,0.6058031955812913,0.8786648606173331,0.4271922824248691,0.36180552872333077,0.7227085665917337,0.8212078926681251,3.577071093255043,"[{'hour_utc': 18, 'regime': 'radiative',",0.9102444326167842,0.884885644161941,0.9306496145953288,1.0038747446543277
2.595078428794119,-6.527756984388054,-10.323757792070353,-0.19999999999998863,LBBG_DYNM_2025-02-21,DYNM,0.0,0.0,0.0,-6.314384330639143,2025-02-21,CN,False,,LBBG,,,-11.035525789794406,,-5.496086078417477,,-7.3622319542810715,,,1.0057010301457117,,1.5623285775770268,,1.4771911579734072,,,0.554328069707438,,0.6141773754093258,,0.6532860211789095,10000.0,-3.0,-10.0,,34,0,,-4.046867307155935,-4.4686730715596354,-11.035525777419991,-4.937346143119328,-5.446168362503556,-4.234336535779789,-7.362150932233249,1.6316630653239148,1.4580508505749281,1.005701030910633,1.286726534474183,1.1612669151825943,1.5520864063128936,1.4771961663453264,0.57520918546672,0.5245845417552422,0.5543280695024555,0.4736047405274973,0.440421379457691,0.5521251380134908,0.6532841439602829,1.5353641515684024,"[{'hour_utc': 18, 'regime': 'advective',",0.6867089016980167,0.655296279054841,0.7677655902703465,2.342374404193431
2.794060366979259,10.153008548539685,7.859845465182559,11.0,LBBG_DYNM_2025-03-11,DYNM,0.42,0.07294117647058823,0.0,-7.148803175867215,2025-03-11,CN,False,,LBBG,,15.351401683365566,12.899994863260815,14.9025135398104,14.447201468421952,,13.280078102347318,,7.323027184951853,4.765083672226986,7.280729414569958,7.2380330175625485,,7.136723572165044,,0.6622109943025434,0.4549075362312427,0.6699643264291907,0.6779890358204632,,0.7048742017351918,10000.0,18.0,9.0,,34,0,,15.043243205248757,15.432432052487513,12.899994861695689,15.864864104975084,16.15227503072333,15.216216026243728,13.391610967214717,7.129951089116593,6.371306442274589,4.765083671827253,5.622659375755577,5.08810510442202,6.78221975892437,6.996070506015658,0.6585733781989874,0.5675084801355245,0.45490753624150726,0.48104560787644257,0.42377658439385196,0.6164190379531295,0.6882437828096931,6.683087812177362,"[{'hour_utc': 18, 'regime': 'dynamic', '",0.9184589925862154,0.8617247499062172,0.9347061963624891,5.68862355304119
4.351612348006364,9.222653414746095,6.078950610244249,11.0,LBBG_DYNM_2025-03-14,DYNM,0.0,0.0,0.0,-7.961882112559692,2025-03-14,CN,False,,LBBG,,16.331885966575612,15.690022467888753,16.970204406053824,17.60852284553198,,17.778641701599838,,7.257755191315314,4.713214839984151,7.061558027787547,6.865360864259781,,6.415836301384861,,0.6169765198265874,0.37518114911097905,0.571065696157083,0.5251548724875786,,0.4737386872323816,10000.0,16.0,10.0,,34,0,,14.20416361401982,16.041636140198193,15.690022462947923,18.083272280396443,19.16237079794047,15.020818070099097,17.77788838753662,6.657807302922429,5.949400007477714,4.7132148388685735,5.250328253866825,5.440975477455868,6.3331026969013084,6.415666213616372,0.6498227183651228,0.5092890213307318,0.3751811491433636,0.3891132029215771,0.37984314263426083,0.5830198301381257,0.4737508192184421,6.334234251012024,"[{'hour_utc': 18, 'regime': 'radiative',",0.9797105908005516,0.8729357412371875,0.9797105908005516,1.6731245744238796
0.7623588173989608,20.40362225583535,17.658554809182363,23.0,LBBG_DYNM_2026-07-22,DYNM,0.64,0.45352941176470596,0.48,-3.3713271299760663,2026-07-22,CN,False,,LBBG,,22.25800361254312,15.137060921672287,21.26966334813619,20.282522583014725,,18.40664031347842,,12.447121185404784,9.146578444133137,12.189865032761901,11.933238930884247,,11.471672068054783,,0.7236176632719299,0.7534612324901432,0.7453900283129405,0.7671759443387344,,0.8118594126378273,10000.0,23.0,19.0,,35,0,,21.149409695792144,22.494096957921272,15.137060917622989,23.9881939158426,25.113632230383985,21.747048478960664,18.88536006172876,11.367495281334872,10.15796469069594,9.146578441406826,8.964373551133828,8.109759366547733,10.813096482184507,11.092742520264416,0.7094019220326884,0.5763830909582847,0.7534612324667642,0.4579480104329701,0.3863317596722767,0.6468129789547914,0.7741182647915079,11.73271950061045,"[{'hour_utc': 18, 'regime': 'dynamic', '",0.8041388479220293,0.7685855587645751,0.8052769614060549,2.0077494893086554
0.9618595072806876,19.803685401970757,15.27790703601687,22.69999999999999,LBBG_DYNM_2026-07-23,DYNM,0.44,0.055882352941176466,0.19,-6.74849181948133,2026-07-23,CN,False,,LBBG,,23.07774794680489,14.876298042349049,22.21845733781015,21.35811885715708,,19.585662489638025,,9.937703940336458,8.877154748177853,9.598699311855457,9.267720096670683,,9.002328489900284,,0.5485591392795759,0.7432256731791872,0.5523109498779253,0.5565824446116088,,0.5908050444887245,10000.0,25.0,15.0,,35,0,,22.13199427749089,23.31994277490918,14.87629803876223,24.639885549818416,25.62874061862709,22.65997138745456,19.99143351593176,10.649018525463353,9.515935767690019,8.877154750311385,8.39778501521138,7.5374286747156845,10.129660251179702,8.837932275833088,0.6247770170498379,0.5128567784386017,0.743225673532632,0.4120698554396753,0.3460692023289446,0.5722667575977919,0.5708042030023469,10.755908054665372,"[{'hour_utc': 18, 'regime': 'radiative',",0.8554359943522061,0.7362543147559594,0.9792948519254,1.6731245744238796
1.2344280826423473,19.323527969612257,16.397774154780166,22.0,LBBG_DYNM_2026-07-24,DYNM,0.11,0.017647058823529415,0.09,-2.645388359011406,2026-07-24,CN,False,,LBBG,,20.31826447791292,13.760001222609503,19.540688862331194,18.78140170790863,20.70705228570381,17.347549103263873,,11.860687093833032,9.129451206317658,11.601244405771201,11.342560830175277,11.99040843786395,10.832103977170133,,0.7763706506157843,0.8184115607039262,0.7884147777010007,0.7995194992260298,0.7703485870731761,0.8176134891594135,10000.0,23.0,16.0,,35,0,,19.215812568957745,21.158125689577332,13.760001214339127,23.316251379154664,24.985671362991127,20.079062844788666,17.347461327083977,10.649018525463353,9.515935767690019,9.1294512004671,8.39778501521138,7.619952755822175,10.129660251179702,10.832041883364091,0.7512228840487503,0.5871566095223543,0.8184115606385898,0.4472316475223069,0.36733886481064515,0.6731815361571796,0.8176134428305919,11.171488925927132,"[{'hour_utc': 18, 'regime': 'dynamic', '",0.8589734511742543,0.7846320074440735,0.9246107072367724,5.68862355304119
1.6316544341745352,18.46942738143839,12.801151971892068,22.19999999999999,LBBG_DYNM_2026-07-25,DYNM,0.0,0.0,0.0,-8.25431197041189,2026-07-25,CN,False,,LBBG,,23.567687657829083,15.872194859395393,22.913881167103,22.256842722804947,,20.679900277026434,,8.810440855422991,7.476668450534848,8.418974170017332,8.03300311825893,,7.708039218052376,,0.4717144453620034,0.5874273900834757,0.4636721804363157,0.4560140522698778,,0.4719409190226518,10000.0,25.0,11.0,,35,0,,21.27731971151968,23.773197115197092,15.87219485219805,26.54639423039424,28.799925651494675,22.386598557598575,21.354677529470962,8.731688629095963,7.802614858764272,7.4766684503784075,6.885784619950986,6.190769924054638,8.305839637280135,7.518031585261538,0.5405584524398006,0.40883559004867165,0.5874273903458638,0.3004909303253637,0.2353652861656844,0.4773292469021228,0.4491854258320365,8.819332940355146,"[{'hour_utc': 18, 'regime': 'radiative',",0.7652049132532135,0.6581199764202676,0.9454044418708617,1.6731245744238796
1.1241927232409055,21.525970795683282,17.060493464187516,23.0,LBBG_DYNM_2026-07-26,DYNM,0.0,0.0,0.0,-6.9486107200932,2026-07-26,CN,False,,LBBG,,24.487874204696823,19.18050673100595,24.07525491089882,23.66263561710082,,22.788540904209015,,10.051123207066034,7.4334885118857965,9.508374561380895,8.965625915695755,,8.016873483514507,,0.5095487554965356,0.47293280344461325,0.48834875601152117,0.4671487565265067,,0.4306473710541826,10000.0,26.0,16.0,,35,0,,24.04552092140358,24.455209214035733,19.180506726105648,24.910418428071523,24.7640171856537,24.227604607017895,22.788361144904343,10.649018525463353,9.515935767690019,7.433488518675417,8.39778501521138,7.938493668329001,10.129660251179702,8.017122549536365,0.5545544759629435,0.4780080357674799,0.4729328039880718,0.40530079501073785,0.3858324906592286,0.5191244682583623,0.4306655654501047,10.439025851456673,"[{'hour_utc': 18, 'regime': 'dynamic', '",0.6948237610022251,0.6390057982966956,0.8495591232008862,2.3423744041934316
2.100337268888446,22.610493638233983,16.690664045474705,24.0,LBBG_DYNM_2026-07-27,DYNM,0.08,0.004705882352941177,0.0,-7.342834325569356,2026-07-27,FA,False,,LBBG,,25.66730670759756,22.711663717764395,25.825745974329777,25.98367839927704,,26.084879577432048,,13.339831739794748,8.512210643925117,12.357697972509738,11.376191441704641,,9.678833047522566,,0.6280547185004897,0.43267971569834374,0.5703468732307495,0.5127012049981999,,0.42374382815682965,472.02505875826034,28.0,19.0,,35,0,,24.16749185522019,25.6749185522022,22.711663711297604,27.349837104404457,28.796126352702856,24.83745927610107,26.43023085951114,14.698786866564943,13.134798013702456,8.51221064911643,11.591419738197688,10.30187296574499,13.981919059646978,9.546928952639371,0.759706593947917,0.6120235946282127,0.432679716137092,0.48173214365458217,0.3875894383340666,0.6900565906501838,0.40838145705834705,14.162398891257329,"[{'hour_utc': 18, 'regime': 'dynamic', '",0.8909576064711507,0.8080221286232258,0.9948047063661717,3.0116242339629826
0.8094413176436016,1.99431746978903,-2.0425644602586317,6.300000000000011,LBGO_CDRY_2024-10-20,CDRY,0.66,0.1941176470588235,0.0,-7.102564460258634,2024-10-20,FA,False,,LBGO,,,6.262179105005146,11.235759214415282,10.98832652725963,,10.275677543775089,,,3.3214057516617674,3.70554730205181,3.5949367490345034,,3.380053443778474,,,0.5035046503679237,0.44000027284389476,0.4287689741826043,,0.41274126882599527,695.8740306812466,8.0,3.0,,34,0,,5.300000000000011,8.0,6.262179006185136,11.0,13.517130651014952,6.5,10.27440538925407,4.690790272740609,4.191678807589966,3.3214057677073394,3.69914473935861,3.313262206860631,4.462018219298351,3.380260005708792,0.8383375306092714,0.6141542151385181,0.5035046557375512,0.4364485796529363,0.32789660995236675,0.7297257262810124,0.41280193593586156,4.216012407268757,"[{'hour_utc': 18, 'regime': 'radiative',",0.9947093564549563,0.9517003090459637,0.994846108538204,1.6731245744238796
1.3387149404129672,8.189494758818114,4.208890759888789,11.199999999999989,LBGO_CDRY_2024-10-28,CDRY,0.34,0.1358823529411765,0.0,-4.851109240111214,2024-10-28,CN,False,,LBGO,,,15.19911619059559,16.603760968699532,17.487988059089105,,18.47847220902281,,,5.747349043594437,5.996329963347395,5.935641176376237,,5.969940742156281,,,0.47329511709399236,0.4973956165438919,0.45862923630629177,,0.4221282545051149,10000.0,14.0,9.0,,34,0,,9.300000000000011,12.0,15.199116123792408,15.0,17.750477748435458,10.5,18.476186834820737,5.796560360108894,5.17979202417422,5.747349041804583,4.571151592397115,4.494414625218328,5.513859263135791,5.969879510241933,0.7857432338724947,0.5787508909914506,0.4732951188697753,0.4136402001275195,0.3373930217368361,0.6856167201990426,0.42218939259844246,5.79459333778148,"[{'hour_utc': 18, 'regime': 'radiative',",0.8892796777282452,0.8487700397091338,0.9672909875418207,0.0
4.19574505176887,4.298297884601913,0.03722370901959948,7.5,LBGO_CDRY_2024-11-03,CDRY,0.85,0.15941176470588236,0.85,-3.020115523348295,2024-11-03,CN,False,,LBGO,,,2.9405427710551635,7.736150391427316,7.143454694896036,,5.992202496470668,,,3.143492204232522,2.1132672220203896,2.0566305571203185,,1.945718680343642,,,0.6004460665912236,0.317835959061495,0.3182688018125034,,0.3182339931900857,10000.0,5.0,-2.0,,34,0,,3.286696161839359,5.8669616183936455,2.9405427056391886,8.733923236787291,10.91770797072138,4.433480809196794,5.991047335071414,3.777545075598197,3.3756053221639153,3.143492226655106,2.9789624161887045,2.5931555083993185,3.5933125159925337,1.9461146338242676,0.7783271232052421,0.573327416709942,0.6004460729030021,0.409839449036402,0.30360788211158224,0.6791597207811532,0.31832225669708497,3.3482728876333807,"[{'hour_utc': 18, 'regime': 'radiative',",0.7998233393705344,0.6529391876716335,0.7998233393705344,0.0
1.5512418980613063,-2.242434967341944,-6.471540945634217,3.6999999999999886,LBGO_CDRY_2024-12-13,CDRY,0.88,0.2864705882352941,0.88,-4.5223480897144555,2024-12-13,FA,False,,LBGO,,,-3.5548336996083094,,2.42004433336416,,0.7920387335732926,,,2.9651089652388225,,3.445045006293418,,3.230525524752224,,,0.9141662835460997,,0.7467634423541482,,0.7680411937167149,556.2633582023193,-1.0,-2.0,,34,0,,-1.745964279598752,0.5403572040121389,-3.5548337730928097,3.080714408024278,5.146462904051361,-0.7298213979939305,0.7911844999124469,3.26057173206161,2.913639313853802,2.9651089616867523,2.57127884475566,2.363382584931365,3.1015522599380168,3.230484233061656,0.9680249375835036,0.7231507068991794,0.9141662870495667,0.5247822045178122,0.41735210264032696,0.8500313506745766,0.7680785927017632,3.2263079961032846,"[{'hour_utc': 18, 'regime': 'radiative',",0.9949867202779604,0.9944152517544425,0.9949867202779604,0.0
1.5034193382849252,1.2235064592970957,-3.087256042063075,5.0,LBGO_CDRY_2024-12-19,CDRY,0.22,0.039999999999999994,0.0,-5.147256042063077,2024-12-19,FA,False,,LBGO,,7.799210558831533,10.115884336904514,9.31007936229065,10.631239908713951,7.043776157101945,12.452042094809087,,4.908704998520741,2.683492636751291,4.689322474522375,4.271809112911277,5.018396260519924,3.3747609139939474,,0.7402338475755635,0.3060878011922849,0.6254515556316335,0.5200049668932032,0.7976249935475286,0.3497686885539453,512.8831121981785,6.0,4.0,,34,0,,2.3000000000000114,5.0,10.115884276351665,8.0,10.8485017778807,3.5,12.45154678772326,4.366569504540018,3.901955989248435,2.68349262753443,3.4434652495641287,3.098067068353567,4.153609884551725,3.374685522399831,0.965423026033913,0.7042056484034346,0.3060878014025111,0.4981642955279749,0.3643705205629924,0.8387133648103448,0.34977323390238096,4.161977544840093,"[{'hour_utc': 18, 'regime': 'radiative',",0.9949843668345296,0.9943584927036149,0.9949843668345296,0.0
0.9356191994734407,-1.92567656554736,-4.8895222987455895,0.5,LBGO_CDRY_2025-01-04,CDRY,0.08,0.015882352941176472,0.06,-3.9328959419225384,2025-01-04,CN,False,,LBGO,,,-4.558392912527097,1.561709293919364,1.039625647152775,,-0.007121884313335158,,,2.1950578501197078,2.486393422330515,2.43935045586687,,2.351901761302563,,,0.7186950981673198,0.5749222283481414,0.5784850040956447,,0.586947747208759,10000.0,2.0,-4.0,,34,0,,-0.7831317841153691,1.1686821588465932,-4.558392923435122,3.3373643176931864,4.369233900162442,0.08434107942326818,-0.007904238827279642,3.0266108560530425,2.704572495725361,2.1950578521251374,2.3867780253240944,2.1922262122288085,2.8790017904967042,2.352045596569225,0.8369719463017774,0.6413742844384637,0.7186950994173504,0.47833747667523724,0.4123120797232435,0.7433939436322977,0.5870151864041875,2.959812244343617,"[{'hour_utc': 18, 'regime': 'radiative',",0.9235854087412688,0.891454178795432,0.9646024791781996,0.0
1.458972016129195,3.169175060331497,-3.4419700784365546,3.8000000000000114,LBGO_CDRY_2025-02-14,CDRY,1.0,0.27941176470588236,0.0,-7.501970078436557,2025-02-14,CN,False,,LBGO,,7.295275358353251,5.9087914683858,7.829993855238342,8.256513794247155,7.027916109910734,8.63041031024784,,4.134861986000244,3.615378087405517,4.0148275812969585,3.9012340613531826,4.194879188351886,3.7185231117038753,,0.6403474904189244,0.5516844302233662,0.5917204241383345,0.5512400418986586,0.6646610235592193,0.49903846298340837,1046.3208925219456,10.0,0.0,,34,0,,4.300000000000011,7.0,5.90879143610357,10.0,12.570176801397281,5.5,8.63016284024593,3.777545075598197,3.3756053221639153,3.6153780831366853,2.9789624161887045,2.7067352660619495,3.5933125159925337,3.71849038760226,0.7243577124475341,0.5299034718033468,0.5516844307989915,0.37601357969711335,0.28587330004089784,0.6301108824029164,0.49904251680408435,3.8154621215663083,"[{'hour_utc': 18, 'regime': 'radiative',",0.8398541937415656,0.7943261049186405,0.9948757879219241,1.3384996595391037
4.701923400815733,-7.128631181601418,-9.9750780848766,0.0,LBGO_CDRY_2025-02-21,CDRY,0.17,0.01,0.0,-2.994705427842405,2025-02-21,CN,False,,LBGO,,,-11.049542958432767,,-5.3091612411282085,,-6.960779287387311,,,1.1300948879079178,,1.7610111020001524,,1.6061455371536126,,,0.6202740197938433,,0.677223140518955,,0.6832017937159369,10000.0,-4.0,-8.0,,34,0,,-6.9018632851709185,-6.018632851709185,-11.04954298701449,-5.03726570341837,-4.263884974741757,-6.509316425854593,-6.961066319729582,1.9114972084426967,1.7081098984962564,1.130094889406146,1.507402869728008,1.3626010432416575,1.818272877227423,1.6061605831519747,0.8377741570943414,0.6914255921513698,0.6202740220447504,0.5589112985323412,0.4728490290218206,0.7692059966542898,0.6832229370993677,1.9306837803472618,"[{'hour_utc': 18, 'regime': 'radiative',",0.8739968319925673,0.8620421405658281,0.924130829435316,0.0
0.7079001514019334,2.47987662377069,-3.0512597126051446,5.800000000000011,LBGO_CDRY_2025-03-05,CDRY,0.58,0.15529411764705883,0.0,-8.111259712605147,2025-03-05,FA,False,,LBGO,,,8.718921825543305,12.35846497537807,12.118723013634167,,11.351747406148377,,,1.8861983332906724,3.912476384060218,3.6085431085020865,,3.0009074332917485,,,0.24008546552903703,0.4293002395014602,0.3974883880707258,,0.3391641847803538,666.3295222107254,14.0,0.0,,34,0,,5.300000000000011,8.0,8.718921717495277,11.0,13.554181942802074,6.5,11.349742132790823,4.690790272740609,4.191678807589966,1.8861983431446283,3.69914473935861,3.3114807622082405,4.462018219298351,3.0010903137572074,0.8383375306092714,0.6141542151385181,0.2400854686270744,0.4364485796529363,0.3265621450667983,0.7297257262810124,0.33923492219537926,4.294965690542582,"[{'hour_utc': 18, 'regime': 'radiative',",0.9870027022069432,0.9371478078042792,0.9949280512792695,1.0038747446543277
1.7686327776768092,8.563633670362696,-1.4351463428141074,9.0,LBGO_CDRY_2025-03-07,CDRY,0.0,0.0,0.0,-15.44825444274619,2025-03-07,CN,False,,LBGO,,14.708322805880073,11.379571633030423,14.88638237085064,15.064441935821208,,15.003848032410986,,5.20601491203048,4.032356855771288,4.809500535858441,4.412986159686402,,3.665870687484451,,0.4915475832780006,0.4239846873112343,0.44436669300079207,0.3971858027235835,,0.32351558742299413,10000.0,19.0,-1.0,,34,0,,14.065540499660301,14.65540499660284,11.379571630796647,15.310809993205737,15.084891774194773,14.327702498301448,15.003676078741421,3.777545075598197,3.3756053221639153,4.032356851050569,2.9789624161887045,4.363751349425683,3.5933125159925337,3.6655072890180485,0.37207017157560174,0.3163608868688467,0.42398468688205815,0.26423040123409264,0.3923881260817301,0.3461863366733248,0.32348733060623763,3.8154621215663083,"[{'hour_utc': 18, 'regime': 'radiative',",0.7235454260824866,0.5602701380844576,0.9935443833447882,1.3384996595391037
0.6578082221149392,-1.3606516468561949,-5.511800807869292,4.100000000000023,LBGO_CFOG_2024-02-17,CFOG,1.0,0.6070588235294118,0.0,-5.571800807869295,2024-02-17,HIT,False,,LBGO,,,4.953152252062921,4.974237490728399,4.408246959942119,,3.274285313806274,,,3.342784710412614,4.474046747635918,4.337615338775062,,4.093584573220935,,,0.5519388343896307,0.8135530719738372,0.8107483599127971,,0.808941030770072,649.344864919871,6.0,2.0,,34,0,1.0,0.30000000000001137,3.0,4.95315222690715,6.0,8.16626893160236,1.5,3.272879140748728,3.51056328084798,3.137031098648851,3.342784705684101,2.7684214029001355,2.6959265899294635,3.339351577020117,4.093320256154073,0.896886167247853,0.6522507625375945,0.5519388347462644,0.4599455482028253,0.3952093192579508,0.7781194025884196,0.8089713185484544,3.3421128084116196,"[{'hour_utc': 18, 'regime': 'radiative',",0.9921582862014784,0.9647138359426094,0.9949513190324847,1.0038747446543277
2.0439467891202887,6.291593259821821,-1.496025372679071,8.100000000000023,LBGO_CFOG_2024-03-03,CFOG,0.6,0.1023529411764706,0.56,-8.556025372679073,2024-03-03,HIT,False,,LBGO,,10.755589075236514,5.078443507802035,10.426004177965979,10.00325957174698,10.92038152387181,8.863394095724402,,5.31200283936476,5.042008473966649,5.216018184274356,5.165570627682733,5.359995166909961,5.1051858978186235,,0.6478845315683647,0.8165889864639019,0.6426573598766976,0.6471922172693005,0.6504981174141983,0.6746070880077183,631.0124849704039,12.0,5.0,,34,0,3.0,7.300000000000011,10.0,5.078443465739497,13.0,15.449374432476418,8.5,8.863069207747287,5.036362633649853,4.5004813525324945,5.042008471047718,3.9716620287806315,3.6161322912669696,4.790736817289405,5.105163352205764,0.7831092407036185,0.5752790521496914,0.8165889883297536,0.4100115212023497,0.3186146827487007,0.6824999139839398,0.6746189586420339,5.066143199631638,"[{'hour_utc': 18, 'regime': 'radiative',",0.9058211068423148,0.8464265709972224,0.9948293192814642,0.6692498297695518
1.8235297877493186,4.669246838155663,0.03525290266503589,7.899999999999977,LBGO_CFOG_2024-03-16,CFOG,0.7,0.3741176470588235,0.11,-8.022930043903386,2024-03-16,HIT,False,,LBGO,,10.827895929641215,4.1436254033487785,10.387074180775926,9.936032603686499,,8.832218927170231,,5.401187805905828,4.303015186039818,5.178267639913292,4.954626870359389,,4.49312124356199,,0.6591579065847194,0.7450204813328768,0.6429111287158883,0.626835602132942,,0.5980649004362508,658.8150257609487,13.0,4.0,,34,0,-4.5,8.290914732842225,10.909147328422534,4.143625388774865,13.818294656845069,16.20701961579499,9.454573664211239,9.014755035824578,5.404520402990743,4.829466158532902,4.303015186173011,4.261990101073385,3.824380059002793,5.140939320345005,4.460202475373655,0.7849228991372891,0.5805672485859418,0.74502048212562,0.4168068722846954,0.31905107335673505,0.6861855237014407,0.5891050986927884,4.9696197191326705,"[{'hour_utc': 18, 'regime': 'radiative',",0.9948159537094973,0.929582426489227,0.9948179508037598,1.6731245744238796
0.7858932397569182,4.636806748038794,-1.239563596349285,7.899999999999977,LBGO_CFOG_2024-10-22,CFOG,0.28,0.10235294117647059,0.0,-8.299563596349287,2024-10-22,HIT,False,,LBGO,,,11.508246711371783,14.121839877729315,14.415500425354537,,14.677259293659404,,,4.103925579495935,5.147908018282465,4.856242211137279,,4.265565441687496,,,0.4338928000880672,0.5044107423407452,0.4617431498634307,,0.38866668412986904,621.6847562582757,10.0,4.0,,34,0,-2.0,7.300000000000011,10.0,11.508246594876368,13.0,15.660509091856056,8.5,14.67566018376607,5.036362633649853,4.5004813525324945,4.103925577049958,3.9716620287806315,3.636935390170164,4.790736817289405,4.265531866244737,0.7831092407036185,0.5752790521496914,0.4338928031526913,0.4100115212023497,0.31256823261686423,0.6824999139839398,0.38870833992177983,4.818506210579122,"[{'hour_utc': 18, 'regime': 'radiative',",0.9742870993170439,0.9048502020173027,0.9948653551506715,1.0038747446543277
2.1583636140297227,7.85985666367925,2.6823733239217518,9.0,LBGO_CFOG_2024-10-24,CFOG,0.37,0.04176470588235295,0.0,-5.3776266760782505,2024-10-24,MISS,False,,LBGO,,,8.994697909913725,13.844011034438552,13.259569892152342,,12.034513126695174,,,4.582986672250778,5.272888918324195,5.185414836001422,,4.985423349730455,,,0.5756257163768972,0.5266724282043739,0.5318774729585813,,0.5414730553362389,1363.4459552057249,12.0,9.0,,34,0,,8.300000000000011,11.0,8.994697817679935,14.0,16.451841089475238,9.5,12.033398789028979,5.796560360108894,5.17979202417422,4.582986681321941,4.571151592397115,4.152098089380322,5.513859263135791,4.985532944455328,0.8413390454947364,0.6188850982999976,0.575625720892821,0.4417131866457966,0.34101257950075264,0.733692234349147,0.5415244464339705,5.854743292116725,"[{'hour_utc': 18, 'regime': 'radiative',",0.8937793261291338,0.8767524100050224,0.9948733701763581,0.6692498297695518
2.228775047754654,7.376842372678562,3.3877918478964375,10.300000000000011,LBGO_CFOG_2024-11-01,CFOG,0.45,0.14176470588235296,0.03,-4.672208152103565,2024-11-01,MISS,False,,LBGO,,,10.364048598629608,14.133523312960108,14.394035450116007,,14.407422606568502,,,5.969495561127127,5.619293629956417,5.637639908488584,,5.811231345207281,,,0.6768301999101876,0.5457679008847486,0.5317112502098464,,0.5344714417508811,955.6098820939925,12.0,8.0,,34,0,,8.300000000000011,11.0,10.364048585351668,14.0,16.146303816512386,9.5,14.40553955498143,6.213845306980064,5.552676745686614,5.969495562681574,4.900221204152921,4.7054671281610245,5.910792983000863,5.811451793099895,0.9019056741703717,0.6634376201908463,0.6768302006945695,0.4735113853955875,0.3962029182563324,0.7865095396051042,0.5345576214533394,6.108868977654466,"[{'hour_utc': 18, 'regime': 'radiative',",0.9625603544139384,0.9456125025257162,0.9947842956723216,0.0
1.6865075045175142,-0.3328068566410366,-5.4006574741095505,3.1000000000000227,LBGO_CFOG_2024-11-16,CFOG,0.77,0.49352941176470594,0.36,-4.460657474109553,2024-11-16,HIT,False,,LBGO,,,-1.8563913203591937,4.235099341890589,3.6293870868477143,,2.3232854443084534,,,3.1667706961013455,3.883888738654594,3.802054509712296,,3.6336764528665735,,,0.8524142158738377,0.741326289042934,0.7482552596335151,,0.765728708376768,624.5381612591833,2.0,2.0,,34,0,5.5,-0.6999999999999886,2.0,-1.856391341578103,5.0,6.668901485168021,0.5,2.3217365793352656,3.51056328084798,3.137031098648851,3.1667706946326764,2.7684214029001355,2.802696547671235,3.339351577020117,3.633569248054073,0.9649274578301371,0.700653866694794,0.8524142168602876,0.4932724120381944,0.458406488419602,0.8365712088959312,0.7657901546273813,3.5653116428189287,"[{'hour_utc': 18, 'regime': 'radiative',",0.9943567517902591,0.9558428204357468,0.9949468350204685,0.0
0.3819124666351873,-1.9893083646364402,-5.210767908326261,0.6000000000000227,LBGO_CFOG_2024-11-17,CFOG,0.76,0.45882352941176474,0.0,-4.270767908326263,2024-11-17,HIT,False,,LBGO,,3.073342247907135,4.8212365133036315,3.5810834697129508,3.9254975952743507,2.819471637004199,4.371248504759421,,4.164627660789243,2.0851217512611266,4.204869728486457,4.218039826658081,4.144506626940636,4.1387556552926075,,0.865276653646351,0.3435744777671532,0.8320818930405697,0.804490171682331,0.8818740339492417,0.7464286088161617,539.3621979777778,2.0,0.0,,34,0,-1.5,-0.6999999999999886,2.0,4.821236457748512,5.0,7.58125896262294,0.5,4.370879251591873,3.51056328084798,3.137031098648851,2.085121742561823,2.7684214029001355,2.5578355562879573,3.339351577020117,4.138697834418437,0.9649274578301371,0.700653866694794,0.3435744777480782,0.4932724120381944,0.37975465637219746,0.8365712088959312,0.7464381191073413,3.2908531886413535,"[{'hour_utc': 18, 'regime': 'radiative',",0.9949068534269537,0.9943455226647876,0.9949772775926536,0.3346249148847759
1.1135492390974757,0.37206147969283165,-4.939938144960934,3.1000000000000227,LBGO_CFOG_2024-11-18,CFOG,0.46,0.17882352941176471,0.0,-5.999938144960936,2024-11-18,HIT,False,,LBGO,,4.853629487701369,5.099997137654441,5.746277297059976,6.569011952745882,4.407305583022094,7.5964859063929,,4.392675614240475,2.653367081226148,4.303044338804651,4.141044631645089,4.437491251958387,3.6940496368364455,,0.8082719455418816,0.42757291606865916,0.7345245165109046,0.6599853166409017,0.8451456600573701,0.5321828671470054,607.1207219013658,4.0,2.0,,34,0,6.0,1.3000000000000114,4.0,5.099997102508155,7.0,9.668246296128189,2.5,7.596222851393918,3.777545075598197,3.3756053221639153,2.653367074643428,2.9789624161887045,2.707090660109968,3.5933125159925337,3.694000368010485,0.8975485364222079,0.6537216484066194,0.4275729160842478,0.46172276228371134,0.34599735247205887,0.7792247598271413,0.5321855662400388,3.7075294164085912,"[{'hour_utc': 18, 'regime': 'radiative',",0.9619458033394314,0.9429609025864713,0.9948663904358385,0.0
2.396310544756445,-1.529507884822658,-5.188081397391159,3.0,LBGO_CFOG_2024-11-27,CFOG,0.43,0.1435294117647059,0.0,-6.248081397391161,2024-11-27,HIT,False,,LBGO,,,5.33124240641763,6.822572712198621,7.1276500774232545,,7.503597956352564,,,4.15265896037074,4.627145466158952,4.563691311739653,,4.393088136092374,,,0.6671748775812687,0.7398331723693081,0.7057068151135467,,0.6457646965683467,718.8634934411917,3.0,2.0,,34,0,-2.0,1.3000000000000114,4.0,5.331242368743858,7.0,9.419329195770104,2.5,7.502017025973714,3.777545075598197,3.3756053221639153,4.152658954765113,2.9789624161887045,2.9125648981025116,3.5933125159925337,4.392852903384108,0.8975485364222079,0.6537216484066194,0.6671748784242549,0.46172276228371134,0.3848950902341288,0.7792247598271413,0.6458040547575834,3.342067746289799,"[{'hour_utc': 18, 'regime': 'radiative',",0.9948359878630024,0.9739187233300612,0.9948502229735328,1.6731245744238796
1.9143346897125146,-0.8222826752912965,-3.8305279969478647,0.5,LBGO_CFOG_2024-12-30,CFOG,0.42,0.09058823529411765,0.42,-3.8753892416320355,2024-12-30,HIT,False,,LBGO,,,4.717393293787097,3.8445943587954616,4.4237764919892015,,5.316630068436666,,,2.869233065136293,3.961889302622053,3.8653998860202132,,3.585947955591217,,,0.4816905393888049,0.782463548391324,0.7241336182385896,,0.6155869094265956,532.5655010999074,2.0,1.0,,34,0,-1.0,0.22430622342074003,2.243062234207116,4.717393259478115,4.486124468414289,6.337725229718046,1.1215311171035864,5.315692850975097,3.777545075598197,3.3756053221639153,2.8692330633618086,2.9789624161887045,2.792232250300858,3.5933125159925337,3.5858994821491668,0.9704027395497954,0.7409008001619515,0.481690540385226,0.5503860592162183,0.45170654467389026,0.8604911412437571,0.6156234606791026,3.5869186155199424,"[{'hour_utc': 18, 'regime': 'radiative',",0.9948671575081663,0.9945557930447398,0.9948671575081663,0.6692498297695518
0.7821591341059067,-1.9524690021259516,-5.839338147159083,0.19999999999998863,LBGO_CFOG_2024-12-31,CFOG,0.35,0.049999999999999996,0.35,-4.899338147159085,2024-12-31,HIT,False,,LBGO,,,7.045294638987855,5.646988004360651,6.255544526972528,,7.218458511707183,,,2.5583180416240485,4.029637902911879,3.8019303404604083,,3.2514034871490964,,,0.36652362902364183,0.7029686539621324,0.6298317911672835,,0.49161451573016146,535.7045569675089,2.0,1.0,,34,0,-2.0,-0.6999999999999886,2.0,7.045294537548443,5.0,7.672371977900298,0.5,7.217056193784572,3.51056328084798,3.137031098648851,2.558318033273232,2.7684214029001355,2.567880209639158,3.339351577020117,3.2512880438396814,0.9649274578301371,0.700653866694794,0.3665236306345917,0.4932724120381944,0.3770229255675862,0.8365712088959312,0.4916514940929057,3.299762495052716,"[{'hour_utc': 18, 'regime': 'radiative',",0.9949343348995133,0.9943469237479068,0.9949720135883741,0.0
1.9018720290522444,2.779031230787177,-3.377504910730579,6.5,LBGO_CFOG_2025-01-25,CFOG,0.91,0.4364705882352941,0.91,-4.437504910730581,2025-01-25,HIT,False,,LBGO,,,2.179999527964128,6.887828178299856,6.178182177357087,,4.849771623421475,,,4.945853193307508,4.594539475918895,4.5293418857448335,,4.481713239473458,,,0.9899312842001996,0.7286880462355209,0.7453385052034923,,0.7898959048509675,708.239016308031,6.0,1.0,,34,0,-0.5,1.3000000000000114,4.0,2.1799995078743564,7.0,8.855320495152966,2.5,4.847930748297472,3.777545075598197,3.3756053221639153,4.94585319075272,2.9789624161887045,3.1005963497408526,3.5933125159925337,4.48147913772447,0.8975485364222079,0.6537216484066194,0.989931285119383,0.46172276228371134,0.4357418733198456,0.7792247598271413,0.7899536041994372,4.047631752519811,"[{'hour_utc': 18, 'regime': 'radiative',",0.9232776297194151,0.8652686993618266,0.9947714053991329,0.0
1.3555337413471287,2.7539343173261157,-0.33460005791249614,4.300000000000011,LBGO_CFOG_2025-01-26,CFOG,0.77,0.2382352941176471,0.0,-3.3946000579124984,2025-01-26,MISS,False,,LBGO,,6.903188194950303,10.152000972247492,7.481583666555309,8.059979138160372,,8.835914840375835,,4.71367459984259,2.3082752502053583,4.7220700511353515,4.730465502428113,,4.8071775016159854,,0.7535585432359473,0.26432552557175343,0.7174220161131185,0.6812854889902897,,0.6406590309186411,10000.0,9.0,5.0,,34,0,,3.3000000000000114,6.0,10.152000957445466,9.0,8.582589418062412,4.5,8.835104419564345,4.366569504540018,3.901955989248435,2.3082752490850016,3.4434652495641287,4.494691437303633,4.153609884551725,4.807116161258854,0.8988433051029999,0.6566018257116321,0.26432552571204027,0.4652088474718456,0.6328374823788844,0.7813871403933303,0.640687862790336,4.410398889083832,"[{'hour_utc': 18, 'regime': 'radiative',",0.9581927623815586,0.9448685188863444,0.992379551220189,1.0038747446543277
1.1715967254695614,2.7744000277865895,-0.7857850675980558,5.800000000000011,LBGO_CFOG_2025-01-31,CFOG,0.87,0.49764705882352944,0.0,-4.845785067598058,2025-01-31,HIT,False,,LBGO,,,7.294012951979369,8.782255646491876,8.929016353903648,,9.071008579659178,,,5.12701757218544,6.273582691062378,6.171554633542908,,5.940345111717241,,,0.7176781388292608,0.8747243019055004,0.8414248613794655,,0.7826809182609866,520.4202613596123,9.0,7.0,,34,0,1.0,4.300000000000011,7.0,7.294012942169616,10.0,12.09229360934637,5.5,9.069620825140817,5.036362633649853,4.5004813525324945,5.127017569565871,3.9716620287806315,3.9977841884876115,4.790736817289405,5.939974531451664,0.9657404593375188,0.7064868270924094,0.7176781389498019,0.5013151051278645,0.4485595666966434,0.8400870756333423,0.782709231055714,4.654990036954895,"[{'hour_utc': 18, 'regime': 'radiative',",0.9946573918978064,0.9942948786065422,0.9947066808356312,0.6692498297695518
1.1488661871482084,1.6611722850784076,-4.442611584384167,5.5,LBGO_CFOG_2025-02-01,CFOG,0.92,0.3764705882352941,0.2,-7.502611584384169,2025-02-01,HIT,False,,LBGO,,,3.9067203358316647,8.560513947103686,8.199333323510757,,7.332625489029681,,,4.141515939066176,5.063553186286124,5.001824615417916,,4.827442208205404,,,0.7363804153913251,0.7182468303117232,0.7184412138678857,,0.7181345809840081,573.3974067846832,9.0,4.0,,34,0,6.0,3.3000000000000114,6.0,3.9067202788537543,9.0,11.304606913686541,4.5,7.331090201461961,4.062526580782195,3.630264039171328,4.141515929331652,3.203697945163913,3.110049288481247,3.864395309162056,4.827179908382034,0.8362571155947076,0.6108828501609492,0.7363804166316475,0.4328165149603411,0.36491713611574506,0.7269793947624825,0.7181724805731703,3.952006586494025,"[{'hour_utc': 18, 'regime': 'radiative',",0.9636270495005295,0.9160429315547892,0.9949698656497983,0.6692498297695518
4.531996891744501,-9.491323706659092,-9.939999999999998,0.0,LBGO_CFOG_2025-02-20,CFOG,0.74,0.20411764705882351,0.0,0.0,2025-02-20,MISS,False,,LBGO,,,-8.848374178814254,-3.6683093857016615,-4.158617123835029,,-5.181731083088607,,,1.181973273905914,2.236598998211733,2.101859337683696,,1.8498495242894761,,,0.5436020896461584,0.7666136244643772,0.7373064507645014,,0.683437263855483,10000.0,-5.0,-6.0,,34,0,,-9.699999999999989,-7.0,-8.848374243615012,-4.0,-1.5052036446782608,-8.5,-5.1829076841285655,1.766629051158929,1.5786560974669823,1.1819732692620006,1.393160291291871,1.2992963103973287,1.6804700233459056,1.8497652038180221,0.9632986106597623,0.6890688673185063,0.5436020906041362,0.4774505054070835,0.37109024233679466,0.8295527504057515,0.6834701104700224,1.7843615074910066,"[{'hour_utc': 18, 'regime': 'radiative',",0.9925258313852038,0.9583046850769531,0.9925258313852038,0.0
1.5111435103301971,-2.4619891392257385,-8.733999743551692,0.30000000000001137,LBGO_CFOG_2025-02-25,CFOG,0.77,0.40647058823529414,0.27,-7.783633037015363,2025-02-25,HIT,False,,LBGO,,,0.46476099147378136,2.245172100011075,2.53549447682974,,2.8645929621687287,,,3.9096650892019764,3.472828160342737,3.621306852918921,,3.9335710905433996,,,0.8826976061314218,0.7620363170591813,0.7692187177045752,,0.7959540513276196,610.9618305386603,2.0,-0.0,,34,0,4.0,-0.7518335326817578,1.4816646731823653,0.4647609783712028,3.9633293463647306,4.687408646364986,0.24083233659115422,2.8639217497666323,3.26057173206161,2.913639313853802,3.9096650890685387,2.57127884475566,2.861155359109058,3.1015522599380168,3.9335642548703023,0.8996113666964004,0.6755065723239547,0.8826976069483757,0.4929129072025233,0.5392893487610888,0.7917812429482399,0.7959897793969454,3.064125131236539,"[{'hour_utc': 18, 'regime': 'radiative',",0.9876652472907456,0.9589566887865004,0.9947857640948922,0.6692498297695518
0.735012081260866,1.086409153616262,-5.429893284897446,4.100000000000023,LBGO_CFOG_2025-03-04,CFOG,0.62,0.24529411764705883,0.0,-8.489893284897448,2025-03-04,HIT,False,,LBGO,,,4.183578710408767,8.449525335900205,7.97306971906994,,6.827263770557181,,,2.6877926033496253,3.7438154035934126,3.5960502152694285,,3.369677639073141,,,0.4675417171508231,0.5337272354958057,0.5233418727097064,,0.5179556583571652,581.3852140146855,11.0,1.0,,34,0,2.5,3.3000000000000114,6.0,4.183578697628889,9.0,11.112911252156266,4.5,6.8255872021379105,4.062526580782195,3.630264039171328,2.6877926039456623,3.203697945163913,2.965852153131674,3.864395309162056,3.3697558321106946,0.8362571155947076,0.6108828501609492,0.4675417176774853,0.4328165149603411,0.34930800244698856,0.7269793947624825,0.518027152655997,3.8154829003699,"[{'hour_utc': 18, 'regime': 'radiative',",0.9688236483886583,0.9211630791583063,0.994881572117062,0.6692498297695518
1.1706375810589502,18.316873502611326,16.463235392313493,19.30000000000001,LBGO_CLDY_2024-10-05,CLDY,1.0,0.9699999999999999,0.86,-1.542764607686479,2024-10-05,CN,False,,LBGO,18.79645048567511,18.20849072221523,13.845227234098218,17.555202096148662,16.851378683527457,18.53513503524846,15.63318593952846,12.849687546535938,12.717791645179023,11.254994088873268,12.571240643671342,12.343056310004721,12.791067145932866,11.918418364795693,0.9319168656189083,0.9477203848330008,1.0000104845577775,0.965279850626437,0.9799627669781987,0.9389406519362827,1.0000207274221264,10000.0,19.0,17.0,,34,0,,18.029999999999973,18.30000000000001,13.845227225141116,18.600000000000023,18.716182474266702,18.149999999999977,15.633103186570509,12.1292956594306,10.838707487588549,11.254994082556202,9.56512696084833,8.704877993481936,11.537743417424934,11.918360002470628,0.9230650201788857,0.8019758937393928,1.0000104845940476,0.6859844959192136,0.6152332477064565,0.8671387752908272,1.000021249357432,12.251043485117211,"[{'hour_utc': 18, 'regime': 'radiative',",0.9346579671846517,0.9163029548696449,0.9363533668268293,1.6731245744238796
3.419166445093566,-1.3577304937071972,-3.5795735254506553,0.30000000000001137,LBGO_CLDY_2024-11-24,CLDY,0.66,0.11352941176470588,0.0,-2.6360447919585113,2024-11-24,CN,False,,LBGO,,,1.9932264811062055,4.163437554843085,4.1197063456443175,,3.926884817157031,,,0.48329689197784315,3.077438092925922,2.6893743493065054,,1.9322315357495405,,,0.09822446077793888,0.5951915765209058,0.5158182483647031,,0.36619032640850235,10000.0,1.0,-3.0,,34,0,,-0.7176436674607203,1.8235633253930246,1.9932264069677785,4.647126650786049,6.970803430595652,0.4117816626965123,3.9257959311646005,3.26057173206161,2.913639313853802,0.4832968939659448,2.57127884475566,2.2979869322869333,3.1015522599380168,1.9322607353849455,0.8973684292148163,0.6590685534826469,0.09822446193196929,0.46966603689360736,0.35410694208384047,0.7819952642460554,0.3662302699551712,3.2584540331163714,"[{'hour_utc': 18, 'regime': 'radiative',",0.9578274349567897,0.9409963664159425,0.9888786216268762,0.0
0.5368464919355631,0.3667379662468761,-0.3964634668797089,-0.30000000000001137,LBGO_CLDY_2025-01-14,CLDY,0.91,0.7799999999999999,0.74,-1.378072743108305,2025-01-14,CN,False,,LBGO,,,-7.940373099061787,-0.873346780907525,-1.7346874297378463,,-3.4208693455778416,,,2.1333184441224415,2.550882219674418,2.4785902323404603,,2.3512107180379216,,,0.9149299629840757,0.7098028659838395,0.7257193535100368,,0.7612150981709399,10000.0,1.0,-5.0,,34,0,,0.9080463811430945,0.08046381143117287,-7.940373082080214,-0.8390723771376543,-1.7522939471828067,0.5402319057155864,-3.4205225008133766,2.6031789588023586,2.3261948756610242,2.1333184448513056,2.0528609476099864,1.878316586824957,2.47622091055969,2.3512256049060056,0.636255420249006,0.597052604590694,0.9149299621346858,0.5565785026934623,0.5400515813021318,0.6184938062751338,0.7612005361913673,2.6293082931694367,"[{'hour_utc': 18, 'regime': 'radiative',",0.6816141313294062,0.6693059102768697,0.7269345509081513,1.3384996595391037
1.6713794406297893,2.428787952501989,0.07906484174168327,4.300000000000011,LBGO_CLDY_2025-02-03,CLDY,0.85,0.6158823529411765,0.85,-1.9330713024559714,2025-02-03,MISS,False,,LBGO,,,-2.571518286069761,2.1413362219221312,1.316985069157795,,-0.07505584195808979,,,3.5353093844049743,3.8541249702131752,3.763635667829098,,3.642194152932237,,,1.000010454085616,0.8544723440104983,0.8744066259372772,,0.9131731145425344,10000.0,3.0,2.0,,34,0,,2.0606807209882163,2.60680720988222,-2.5715182892467965,3.2136144197644967,3.116311526096297,2.3034036049411384,-0.07526433806663135,4.062526580782195,3.630264039171328,3.535309385147041,3.203697945163913,3.074240742824499,3.864395309162056,3.642242851870218,0.9136968118067933,0.7763253453159856,1.000010454530393,0.647891210354146,0.6302549886908221,0.8498565279792973,0.9131979602167624,3.937181882345938,"[{'hour_utc': 18, 'regime': 'dynamic', '",0.9270080574221657,0.8635967086898955,0.9270080574221657,1.6731245744238799
0.7163793487169907,-2.430730101104314,-4.293466458605849,-0.8999999999999773,LBGO_CLDY_2025-02-07,CLDY,1.0,0.7794117647058824,0.09,-4.281883406700558,2025-02-07,CN,False,,LBGO,,,-8.344335461830156,,-1.9634651847070472,,-3.7916415076345515,,,1.8300114821445013,,2.0398391483874425,,1.9845145800214352,,,0.8148420731170578,,0.6117675721781688,,0.6648816631985384,10000.0,0.0,-7.0,,34,0,,-0.05791525952633947,-0.5791525952635652,-8.344335444621038,-1.1583051905271304,-1.7748201334124474,-0.2895762976317542,-3.7914860897373615,2.4120186210555055,2.155374504978069,1.8300114870162825,1.9021124995839256,1.713007642190936,2.294383572497389,1.9845585777057186,0.6324655233266836,0.5805354133523443,0.8148420740790574,0.5279195848786757,0.4930129459233531,0.6088234427006358,0.6648883185902624,2.4169243979813926,"[{'hour_utc': 18, 'regime': 'radiative',",0.8610974159266612,0.7609949675363642,0.8610974159266612,0.6692498297695518
1.1514557940833507,-0.8401991741860684,-1.1836893498319228,0.30000000000001137,LBGO_CLDY_2025-02-16,CLDY,0.99,0.9123529411764707,0.89,-0.18542320667842205,2025-02-16,MISS,True,SNOW_DOMINATED,LBGO,,-1.0774995769634756,-4.2353288700591065,-1.8572756455870945,-2.619156784836491,,-3.918921278919413,,3.32526819197785,3.11411473434106,3.2195852874953794,3.1175385055849487,,2.956463616977631,,0.9382298724467302,0.9919033356661708,0.9500238330914996,0.9614515760789397,,0.9798963989949421,3593.8063516391703,-1.0,-1.0,,34,0,,-0.9913307157673898,-0.9133071576737279,-4.235328870876174,-0.8266143153474559,-0.8768362182523219,-0.9566535788368355,-3.918926119924663,3.51056328084798,3.137031098648851,3.114114736303917,2.7684214029001355,2.487771665549988,3.339351577020117,2.9564752464078747,0.9857215668076938,0.8658986171652763,0.9919033363529561,0.7497677149788423,0.6700515389466355,0.9305454925186515,0.9799006117688971,3.5420056112168536,"[{'hour_utc': 18, 'regime': 'radiative',",0.9971267856308591,0.9846027687876532,0.9971267856308591,1.6731245744238796
0.6885090170783068,4.965083607011889,4.923696740448747,3.8000000000000114,LBGO_CLDY_2025-02-28,CLDY,1.0,0.9564705882352942,0.98,-0.06947584185138567,2025-02-28,MISS,False,,LBGO,,,3.3457899218159923,4.19920002548929,3.777054400678651,,3.003902347803944,,,5.309820643511985,4.957673783143713,4.967777379151362,,4.9667907090844405,,,0.9761404330619551,0.9482696744916567,0.9668132178437714,,0.9961583260384692,10000.0,6.0,4.0,,34,0,,4.965862911500551,4.658629115005397,3.345789923418465,4.317258230010793,3.9078608756180415,4.829314557502698,3.0040087230879635,5.036362633649853,4.5004813525324945,5.309820644081051,3.9716620287806315,3.999467802973832,4.790736817289405,4.966828484717858,0.9213833755542088,0.8320132979278534,0.976140433054211,0.7428885434677638,0.7659493290441165,0.8805300314251486,0.9961583707785225,5.086112557511724,"[{'hour_utc': 18, 'regime': 'radiative',",0.934138963457985,0.9314638424194881,0.934138963457985,1.6731245744238796
1.7343921631647883,8.77873210474478,1.9362581477421372,10.0,LBGO_CLDY_2025-03-17,CLDY,1.0,0.88,0.8,-7.076929050416425,2025-03-17,MISS,True,SNOW_DOMINATED,LBGO,,8.673908474252414,0.44463894967174156,7.766294067067918,6.871646541233758,9.127715677844662,5.048387096774206,,4.722556134151666,4.157905408358296,4.628153758209464,4.546508595698189,4.769757322122767,4.430911623975833,,0.6626791542312136,0.932788916275838,0.6826296718239773,0.7049290885776114,0.6527038954348316,0.7620088212420582,10000.0,12.0,4.0,,34,0,,9.065935990792866,9.65935990792866,0.4446389431943203,10.318719815857321,10.643191184758166,9.32967995396433,5.048345035401837,4.062526580782195,3.630264039171328,4.157905397273527,3.203697945163913,2.9394265935632293,3.864395309162056,4.430839645102684,0.5595083849346183,0.47490539880381244,0.9327889143473356,0.39589180692057907,0.3562775257430549,0.5201802819555875,0.7619990146336462,4.178982447195893,"[{'hour_utc': 18, 'regime': 'dynamic', '",0.6288660090913025,0.5880740341586774,0.8607431016382382,6.6924982976955185
2.5523340156749272,2.924180302769469,2.0600000000000023,6.100000000000023,LBGO_DYNM_2024-02-03,DYNM,1.0,0.4852941176470588,0.43,0.0,2024-02-03,CN,False,,LBGO,,8.903495263930154,2.9391278755155668,8.634122062212953,8.355617857957384,,7.617721998942329,,3.7566243711450635,3.8372714232493266,3.754599670480311,3.7539493670847017,,3.7798759149186147,,0.5225758292766522,0.7267647200845455,0.5255648864292884,0.5290963420754056,,0.5469043035667386,10000.0,8.0,1.0,,34,0,,2.3000000000000114,5.0,2.9391278389070976,8.0,10.641276578684028,3.5,7.673191045785529,4.062526580782195,3.630264039171328,3.83727142512619,3.203697945163913,2.8903714214576697,3.864395309162056,3.7588273281154962,0.8982009105438826,0.655172033872829,0.7267647222758356,0.46347728646997854,0.34620648274128146,0.7803140118508629,0.5424561708643811,4.1063840599934665,"[{'hour_utc': 18, 'regime': 'radiative',",0.9238243418824044,0.8704638721943153,0.9238243418824044,1.3384996595391037
3.364265580961781,7.463127895109665,4.327978867124898,8.800000000000011,LBGO_DYNM_2024-02-04,DYNM,0.23,0.034705882352941184,0.23,-5.691697759367514,2024-02-04,CN,False,,LBGO,,10.763694448388435,4.773275862068942,10.337739599602457,9.913592323026307,,9.059090909090912,,4.857718194436622,4.258407739379041,4.746755180803187,4.643040670042948,,4.493451111788697,,0.5945939402900303,0.7041209385911626,0.5906953193784561,0.5875547408003323,,0.5882344071316432,10000.0,11.0,5.0,,34,0,,10.098383132462004,10.983831324620269,4.773275856706391,11.967662649240538,12.72410440877377,10.491915662310134,9.059046765577193,5.036362633649853,4.5004813525324945,4.258407740608935,3.9716620287806315,3.5777878554856173,4.790736817289405,4.4934612359509,0.6466171403416867,0.5383194614597717,0.7041209390571375,0.43930403316905176,0.37327322163336524,0.5960014941031753,0.5882374986704691,4.989551795743527,"[{'hour_utc': 18, 'regime': 'dynamic', '",0.8800259614515499,0.7719310733261018,0.8836704047029241,3.6808740637325346
1.8782309363552845,14.214814326813405,12.614516892032896,12.600000000000023,LBGO_DYNM_2024-03-11,DYNM,0.72,0.2752941176470588,0.0,-4.365483107967123,2024-03-11,CN,False,,LBGO,,14.494832633614692,10.520794246933008,14.173002375834528,13.795691107519758,14.655747762504745,12.766262304755571,,6.979981396858061,4.400495656947396,6.717851487779085,6.472010592219829,7.111046351397549,6.088694721015366,,0.6621530718131418,0.4918522808755144,0.6432655429937923,0.627592843305455,0.6715968362228165,0.6177569537147094,10000.0,16.0,8.0,,34,0,,16.899999999999977,16.0,10.52079427331904,15.0,14.035099118217317,16.5,12.766480026017973,5.796560360108894,5.17979202417422,4.400495641181533,4.571151592397115,4.1785342435735275,5.513859263135791,6.088564631056306,0.47445579400108145,0.444642161337741,0.4918522780918251,0.41388487402632235,0.3987649438316307,0.4609455682809763,0.61773529237592,6.278891484756818,"[{'hour_utc': 18, 'regime': 'dynamic', '",0.6724499038996625,0.6177398161386057,0.7481825657530784,2.6769993190782073
2.38574111457545,14.081746684627205,10.655341813207428,16.69999999999999,LBGO_DYNM_2024-10-03,DYNM,0.0,0.0,0.0,-8.339029494509589,2024-10-03,CN,False,,LBGO,,19.22391949751966,18.483361975144703,19.693692652874688,20.044401536954865,18.989032919842145,20.515528967253488,,7.900584261872831,5.085730557430007,7.499999967526148,7.122383249218836,8.100876409046172,6.317046448965858,,0.5541135573745352,0.3374617867003892,0.5038834821679964,0.4623863198422748,0.5792285949778044,0.38830522534664713,10000.0,24.0,9.0,,34,0,,18.971856538585143,18.718565385851377,18.48336197641936,18.437130771702755,18.288667017091313,18.859282692925717,20.51554285150081,6.657807302922429,5.949400007477714,5.085730545976258,5.250328253866825,4.768427585423457,6.3331026969013084,6.316921684657773,0.47701152050493295,0.4285751922612226,0.33746178593843856,0.3805168969946486,0.34407557971366454,0.4548411420251461,0.38829716450754126,6.729480437690638,"[{'hour_utc': 18, 'regime': 'radiative',",0.8352690245612976,0.6768439720873283,0.926713838709659,2.0077494893086554
1.8725360922474863,4.486249167863354,1.7776012569974,4.600000000000023,LBGO_DYNM_2024-11-19,DYNM,0.0,0.0,0.0,-5.222647142208189,2024-11-19,CN,False,,LBGO,,7.486562545290724,8.269784475340373,8.233204718380136,8.955953946605575,7.113241458745961,9.948545830333842,,4.552467206149423,2.837481267443127,4.340179850668167,4.118570016841628,4.658610883890051,3.6829813247463603,,0.6974809374309034,0.36577390584672287,0.6237228239917618,0.5565877545657713,0.7343599941504744,0.45183522836964163,10000.0,5.0,2.0,,34,0,,7.001241996028057,7.012419960280852,8.269784475254085,7.024839920561703,7.179555790266647,7.006209980140397,9.948545138496513,4.366569504540018,3.901955989248435,2.837481264798633,3.4434652495641287,3.1008986153267286,4.153609884551725,3.6829601284046447,0.693084355886568,0.6120334215127456,0.3657739055151719,0.5330430522239421,0.46881267357295714,0.6558149261438244,0.4518326629706301,4.306516820927415,"[{'hour_utc': 18, 'regime': 'dynamic', '",0.8653891278027784,0.8182900782385321,0.8930741612627958,2.6769993190782073
1.9509806763359487,9.613892819141302,2.8754137968628015,10.5,LBGO_DYNM_2024-12-17,DYNM,0.2,0.019411764705882354,0.0,-8.176447921982401,2024-12-17,CN,False,,LBGO,,,9.394052565821084,14.08146948734668,13.77869411712328,,13.072862048055129,,,3.4413239116230776,4.676385235338953,4.569568875379661,,4.362977884650953,,,0.41705206788772475,0.45597042768032897,0.4491378214152442,,0.4385941849201693,10000.0,10.0,4.0,,34,0,,11.2593085942259,13.59308594225871,9.3940525588215,16.18617188451742,17.535727473962766,12.296542971129384,13.07181362630746,5.036362633649853,4.5004813525324945,3.4413239123229267,3.9716620287806315,3.751734866628127,4.790736817289405,4.363082710227347,0.5979358690750276,0.4523371424499278,0.4170520681713755,0.3326669436624336,0.29287387245516405,0.5280325198236834,0.43863549679621006,4.996135326953309,"[{'hour_utc': 18, 'regime': 'radiative',",0.7265699309928139,0.6646637550696718,0.8925708087258819,0.0
1.5024244941880605,10.27914275881285,3.96626694885299,8.300000000000011,LBGO_DYNM_2025-01-24,DYNM,0.95,0.30235294117647055,0.75,-7.013733051147028,2025-01-24,CN,False,,LBGO,,10.02238156088788,5.115021459227478,9.833068294760778,9.644907514718852,,9.17330316742084,,5.599080684206781,5.384999776843279,5.5401771919007015,5.486958835755272,,5.417117939324869,,0.719855676622369,0.8707420396208859,0.7127881775308694,0.706388238386698,,0.7031701035932808,10000.0,11.0,6.0,,34,0,,10.899999999999977,10.0,5.115021465509358,9.0,8.130311507752594,10.5,9.173353846830764,6.213845306980064,5.552676745686614,5.384999781510627,4.900221204152921,4.410938363719208,5.910792983000863,5.417155593325216,0.7557237463783517,0.7098347101967875,0.8707420399830955,0.6624200524434224,0.6249903335529381,0.7349371025569698,0.7031725458612543,6.313450018094458,"[{'hour_utc': 18, 'regime': 'dynamic', '",0.8344898348266048,0.8018852565049788,0.87805846921632,2.6769993190782073
3.012921057403353,21.79052214301523,13.780012040139468,20.600000000000023,LBGO_DYNM_2025-03-15,DYNM,0.0,0.0,0.0,-11.225987959860504,2025-03-15,CN,False,,LBGO,23.39216742653923,23.165169230265406,20.98309112636582,22.91294901218339,22.47792570596806,23.291279339306413,22.11926963891841,5.2022895405281355,5.1264059695834865,3.169884647958613,5.042090890756097,4.8895136756781445,5.16856350899718,4.398388673345264,0.2821840040375504,0.27896892703594045,0.17762336634308312,0.2753966192563739,0.27104608595887536,0.28075508092572377,0.24501016916650248,10000.0,27.0,6.0,,34,0,,25.029999999999973,25.30000000000001,20.98309114197764,25.600000000000023,25.659960646248635,25.149999999999977,22.119439950338915,5.404520402990743,4.829466158532902,3.1698846505485694,4.261990101073385,3.844024297617637,5.140939320345005,4.398416927526591,0.2648327590725307,0.2302831442946493,0.17762336631053038,0.19715678555161695,0.17586706266826282,0.24887952663055313,0.24500894663997275,5.296253377239767,"[{'hour_utc': 18, 'regime': 'dynamic', '",0.34051454708632733,0.3189767233791315,0.6352360611200922,6.023248467925967
2.0647651328016443,4.277053850983248,-1.804075898906433,6.5,LBPD_CDRY_2024-02-22,CDRY,0.78,0.11235294117647059,0.0,-8.810075898906405,2024-02-22,FA,False,,LBPD,9.06712431583577,9.516733030338855,5.023854614032359,10.009230360759375,10.095467650775845,9.266950411170512,9.417765928991855,4.753013595246233,4.753559411174904,4.153191195533968,4.7528780137484485,4.678171050778955,4.75325618010342,4.553089569788835,0.6547723997919844,0.6282666142080046,0.6658475451292457,0.5989830978559765,0.5793191559241029,0.6429920506435489,0.5764754961554494,670.4208347473364,12.0,2.0,,34,0,,7.029999999999973,7.300000000000011,5.023854566813213,7.600000000000023,8.027951750895284,7.149999999999977,9.41744956450026,4.366569504540018,3.901955989248435,4.153191187811398,3.4434652495641287,3.1692572000950143,4.153609884551725,4.553037829226347,0.6917086729541884,0.5999783729493543,0.6658475461880019,0.5122694874432937,0.45042616780277867,0.649322391251441,0.5764811612343167,4.37859095617709,"[{'hour_utc': 18, 'regime': 'radiative',",0.9615761498082264,0.8471055735306321,0.9949074292777093,1.6731245744238799
3.2642165998023303,4.327207849277295,-3.8374968220729215,7.100000000000023,LBPD_CDRY_2024-10-18,CDRY,0.0,0.0,0.0,-12.859570885298524,2024-10-18,CN,False,,LBPD,,10.06394882257905,6.721393897986729,10.387279148105677,10.564078938812315,,10.172158747947776,,2.727867016790349,1.7260574337856358,2.5811528010269944,2.4429377077136167,,2.1980221554575046,,0.35024915858143146,0.2549051578566946,0.32058803713319295,0.2954792587626682,,0.26623651351938665,1298.2717427969649,12.0,-4.0,,34,0,,9.110370316127899,10.10370316127927,6.721393891640503,11.20740632255854,12.142857823651639,9.551851580639607,10.172105866720187,3.26057173206161,2.913639313853802,1.726057437288928,2.57127884475566,2.289021205050485,3.1015522599380168,2.19805134732356,0.4477048861003407,0.3698408554785705,0.25490515844094763,0.29925920260445454,0.2472721550305781,0.4112337410879984,0.2662409872151565,3.2932996529418332,"[{'hour_utc': 18, 'regime': 'radiative',",0.8203625931887853,0.6462340216862578,0.9949029220368852,1.3384996595391037
2.4735895438752853,7.45741673599324,-0.32238886299751357,9.199999999999989,LBPD_CDRY_2024-10-25,CDRY,0.0,0.0,0.0,-10.382388862997516,2024-10-25,CN,False,,LBPD,,13.77216337314178,9.309932014828632,13.985380377444017,14.133745868586061,,13.232615636449793,,5.421737045412912,5.968466389579963,5.275883329502789,5.13804296886164,,5.0103755630183295,,0.5437908590914106,0.7225412229818554,0.5159137581390403,0.4910082720940757,,0.4960854910164748,2834.6284276423853,13.0,5.0,,34,0,,10.300000000000011,13.0,9.309931999480057,16.0,18.5547252966457,11.5,13.422857712789039,5.036362633649853,4.5004813525324945,5.968466388106961,3.9716620287806315,3.594150922691205,4.790736817289405,4.943879214806504,0.6378922456236658,0.4704566617264856,0.7225412235756219,0.33669699185290103,0.2574393162761737,0.5569307267714865,0.48603065968114006,5.023741726410617,"[{'hour_utc': 18, 'regime': 'radiative',",0.8904714586833625,0.7787082052509608,0.9949471823507927,0.6692498297695518
3.4808857644044946,-0.06419729648046087,-3.838005053082327,3.8000000000000114,LBPD_CDRY_2024-11-19,CDRY,0.94,0.4629411764705882,0.0,-6.891096465510316,2024-11-19,FA,False,,LBPD,,,6.688242849080723,8.159220707642817,8.419859809648528,,8.25223038560705,,,4.408725725168493,5.264902422155759,5.2306699466305995,,5.197394464537059,,,0.629173742477091,0.7520315937458001,0.7253916149053936,,0.7111040187562294,723.730718204996,7.0,3.0,,34,0,,3.265457062140001,5.654570621400126,6.6882427021617445,8.309141242800251,10.602542692456609,4.327285310700063,8.25131547212618,4.167400367755622,3.7239789769920053,4.408725695127506,3.2864010875165697,3.092646758301295,3.964154341189999,5.197207389263584,0.8382790333073601,0.6257533870003302,0.6291737451601856,0.45371715104232463,0.3644448658245351,0.7358534198601301,0.7111226157686764,3.7380787811450147,"[{'hour_utc': 18, 'regime': 'radiative',",0.9949236428119029,0.9552894358229185,0.9949236428119029,2.007749489308656
2.122062110551669,-1.3487214680417197,-5.6120340599158,1.6999999999999886,LBPD_CDRY_2024-12-22,CDRY,1.0,0.7000000000000001,0.05,-7.630931865736443,2024-12-22,FA,False,,LBPD,,,0.12092354491386459,3.555452821296001,3.698574436015008,,2.6919984812494704,,,3.249420508771065,4.170517087239014,4.172520112362802,,3.8997007035936235,,,0.7374773152371227,0.8177026250610084,0.7998552679114479,,0.7823861875041341,676.1147606477574,2.0,0.0,,34,0,,2.0944890291031015,2.944890291031129,0.12092344468936744,3.889780582062258,4.644286836679214,2.4724451455155645,2.6915995587445423,4.167400367755622,3.7239789769920053,3.24942051216958,3.2864010875165697,3.0757520320173475,3.964154341189999,3.8997142306677417,0.9114740016055795,0.7577740251414747,0.7374773215954539,0.6174704415617893,0.5442992802260415,0.8396094832784928,0.7824110911640884,3.495031523562228,"[{'hour_utc': 18, 'regime': 'radiative',",0.9948885017332703,0.9768646392039375,0.9948885017332703,1.6731245744238796
3.829457382583028,1.4286972236659607,-7.018472492893011,0.30000000000001137,LBPD_CDRY_2024-12-31,CDRY,0.83,0.2776470588235294,0.14,-12.021203251041072,2024-12-31,FA,False,,LBPD,,,6.976655233491442,5.922704914306792,6.744467032663408,,8.271377563372482,,,2.5721309196033033,4.007378917865472,3.8487268913008674,,3.2343599325533816,,,0.3668826439505246,0.6826394900593803,0.6092874280762935,,0.450987944156908,571.7501481852139,6.0,3.0,,34,0,,5.01365379074042,5.136537907404318,6.976655232964731,5.273075814808692,5.876586361333636,5.068268953702159,8.271332473421637,4.690790272740609,4.191678807589966,2.5721309214877643,3.69914473935861,3.466596212628449,4.462018219298351,3.2345212617489514,0.855290069670055,0.7493089631574726,0.36688264423132444,0.6468854685286778,0.575383429422645,0.8064523474472515,0.4510147082024404,3.9989407170939204,"[{'hour_utc': 18, 'regime': 'radiative',",0.9905734110104075,0.9372052159870652,0.994920852709879,0.6692498297695518
2.070936553146034,-0.831442318792233,-8.288927309705457,-0.6999999999999886,LBPD_CDRY_2025-01-05,CDRY,0.38,0.051176470588235295,0.0,-8.333962820891031,2025-01-05,CN,False,,LBPD,,1.5415708111875688,0.2779353756573073,1.5468902259314632,1.384833045698315,1.5389111038156216,0.7742218719032508,,3.1113554783031803,3.0812633797001547,3.14641148839148,3.1456001481208022,3.09382747325903,3.124581477421889,,0.721242916134742,0.7018010029858888,0.720088507936985,0.7193635301652198,0.7218201202336204,0.7286173659888602,10000.0,0.0,-5.0,,34,0,,0.22517755592775757,2.2517755592773483,0.2779353503037214,4.50355111855464,6.287229507814061,1.1258877796386741,0.7740695535511009,2.8077687320397806,2.5090157542715184,3.081263375664242,2.2141998067115414,2.03240125907883,2.6708327228150557,3.124557230627339,0.7212341008009538,0.5503517428403419,0.7018010034354338,0.40858766440196664,0.33237994212403826,0.6393832938781183,0.7286197020901085,2.845426403925897,"[{'hour_utc': 18, 'regime': 'radiative',",0.8357796326096473,0.7910885014843642,0.9949560477910441,0.0
2.8627320665549405,-2.509327771942128,-6.112025028523192,-0.19999999999998863,LBPD_CDRY_2025-01-17,CDRY,0.0,0.0,0.0,-5.170533281529231,2025-01-17,FA,False,,LBPD,,,4.262059363235323,3.490473433000375,3.9789855253947053,,4.727505007377829,,,2.469559982243666,3.4510825375070104,3.3625548947957835,,3.0915904859503223,,,0.4267899463499761,0.6973027672580229,0.6478025680153523,,0.5512717517112227,595.7102382247438,2.0,2.0,,34,0,,-0.7074587349699186,1.9254126503005864,4.262059352808535,4.85082530060123,6.959240925282586,0.4627063251502932,4.726337848644334,3.51056328084798,3.137031098648851,2.469559982352452,2.7684214029001355,2.6161226801854425,3.339351577020117,3.0916026632924685,0.9654527499106208,0.7044204567791272,0.42678994668417053,0.4984743248302569,0.40972153467595784,0.8388410772565229,0.5513255736246104,3.1677482967694273,"[{'hour_utc': 18, 'regime': 'radiative',",0.994753075472688,0.994363082961802,0.9948068579122308,1.3384996595391037
1.4554681992095386,4.904811631859843,1.5415853366379224,5.399999999999977,LBPD_CDRY_2025-01-29,CDRY,0.96,0.4441176470588235,0.0,-4.51841466336208,2025-01-29,CN,False,,LBPD,,9.874704664969272,9.921345369820301,10.17973324579225,10.306028135028214,9.72219037455784,10.397893389598948,,6.254930878022487,5.073887385358867,6.345961826992266,6.415584398617272,6.209415403537597,6.4373661638364865,,0.8079357342660968,0.5856982343300442,0.7932207886067685,0.7854402837246207,0.8152932070957609,0.7646155870371641,10000.0,9.0,5.0,,34,0,,6.300000000000011,9.0,9.921345320851003,12.0,14.527289959312498,7.5,10.397505302607499,5.036362633649853,4.5004813525324945,5.073887370759012,3.9716620287806315,3.6982189328931487,4.790736817289405,6.437250458397239,0.8393539528044587,0.6157548676484709,0.5856982346080822,0.43822831137257506,0.3459406492231879,0.7310683979065205,0.76462216404253,4.882444312923615,"[{'hour_utc': 18, 'regime': 'radiative',",0.9308426596177954,0.8978673491076584,0.9815111848949005,0.0
0.9355116165168927,2.898774581775933,-1.1626195659626433,2.8000000000000114,LBPD_CDRY_2025-02-14,CDRY,0.0,0.0,0.0,-7.1639994815406,2025-02-14,FA,False,,LBPD,,,4.246223896229708,6.11574301491396,6.0049294948781835,,5.433989007745026,,,4.074723652980268,4.504065774990112,4.486502427465246,,4.4912702397262745,,,0.6904887098878021,0.740717400069107,0.7344807159142133,,0.746860759281999,568.2454431273842,7.0,-1.0,,34,0,,6.00689957788984,6.068995778898568,4.24622389187067,6.137991557797079,6.1785675964385405,6.034497889449256,5.43396460179946,4.167400367755622,3.7239789769920053,4.074723643467853,3.2864010875165697,3.044466221460125,3.964154341189999,4.4912169805830455,0.6909196486975103,0.6079333007321867,0.690488708534247,0.5273629650222116,0.4825538485842315,0.6527232112476614,0.7468533183650378,4.200208596450111,"[{'hour_utc': 18, 'regime': 'radiative',",0.9614008330992734,0.8744463522025299,0.9948305796988077,1.6731245744238796
1.6408886067226889,4.118876807603931,0.4361250188471786,2.8000000000000114,LBPD_CFOG_2024-12-19,CFOG,0.94,0.6211764705882353,0.0,-5.595175184681466,2024-12-19,MISS,False,,LBPD,,,8.02863017036924,8.7448461972254,8.878262245503777,,8.993225682043828,,,3.9933259032136936,5.846561498721603,5.883189808620903,,5.789395790356936,,,0.5179159808949,0.7999738051256761,0.7880043742203764,,0.7509841954108137,10000.0,6.0,3.0,,34,0,,6.156501017643222,7.565010176432452,8.028630062009597,9.130020352864904,10.427373545278101,6.782505088216226,8.992605829251033,4.167400367755622,3.7239789769920053,3.993325838417809,3.2864010875165697,3.197460321859496,3.964154341189999,5.789025136501467,0.6837709208921098,0.5480151366906844,0.5179159768257734,0.4290274076727978,0.3819883581728064,0.6196393987336657,0.7509683513688016,4.03662822810457,"[{'hour_utc': 18, 'regime': 'radiative',",0.8296621558134479,0.7662858796237393,0.9093288637469755,0.0
3.2147046161942776,-1.3657689512699562,-7.614699190373244,1.1999999999999886,LBPD_CFOG_2024-12-29,CFOG,0.89,0.18058823529411766,0.0,-8.674699190373246,2024-12-29,HIT,False,,LBPD,,4.101197870701355,-0.7228304908490486,3.8915261320150307,3.6140668638231546,,2.2603294740704314,,3.390726129812964,3.122364746766265,3.3395182253128426,3.2877409518379284,,3.1811479615319636,,0.6584312606336182,0.7673123727691364,0.650088879267678,0.6447498958133572,,0.6703669076961952,617.5251213767286,2.0,1.0,,34,0,-2.5,1.3000000000000114,4.0,-0.7228305131029629,7.0,9.46719819917763,2.5,2.260177626903385,3.777545075598197,3.3756053221639153,3.1223647497628777,2.9789624161887045,2.6758804019496223,3.5933125159925337,3.1811684086132916,0.8975485364222079,0.6537216484066194,0.7673123747613128,0.46172276228371134,0.3496347469500452,0.7792247598271413,0.6703784949094588,3.366128541890223,"[{'hour_utc': 18, 'regime': 'radiative',",0.9946120651755859,0.9680709121510429,0.9948781414935034,1.0038747446543277
0.555951708798013,0.9267468738892717,-3.852948404088579,0.6000000000000227,LBPD_CFOG_2024-12-30,CFOG,0.94,0.8799999999999999,0.61,-5.886682731117276,2024-12-30,HIT,False,,LBPD,,3.966206672416604,6.120579922075649,5.356401162729014,6.702358287900836,,8.565910685301674,,4.3693745081596305,3.2361931134727335,4.220938378448572,4.058162205223976,,3.464086971428004,,0.8597733978718113,0.48964008242747215,0.7497730483879881,0.6420738737760325,,0.46976591826678427,494.89931776846026,3.0,3.0,,34,0,-5.0,2.1686716351434825,3.686716351434825,6.120579913185566,5.37343270286965,6.988475399532376,2.8433581757174125,8.570066733099793,4.366569504540018,3.901955989248435,3.2361931136039916,3.4434652495641287,3.083979437057906,4.153609884551725,3.449691248993915,0.9745175027488795,0.7726269642227038,0.48964008274218423,0.5978102024186857,0.4725073151631318,0.8788505881786464,0.4672624663554823,4.075983283398525,"[{'hour_utc': 18, 'regime': 'radiative',",0.9948403687158786,0.9946414007887062,0.9948403687158786,0.3346249148847759
3.332500324657504,-2.5635308734597517,-8.181035543228518,-0.39999999999997726,LBPD_CFOG_2025-01-02,CFOG,0.7,0.4076470588235294,0.16,-10.228009485502298,2025-01-02,HIT,False,,LBPD,,4.5555586194259945,6.557592505943887,5.975487718601755,7.236224789772052,3.845594069838171,8.848627703700458,,3.710069987656555,2.728759855916351,3.6495368575838425,3.5195090228654693,3.740336552692911,3.1696912705630256,,0.6992679416734447,0.39383417770367396,0.613986429546711,0.5367571975866889,0.7419086977368117,0.41861705881732514,1043.5979078879086,6.0,2.0,,34,0,-4.0,2.2348697113688445,4.348697113688502,6.55759248674309,6.6973942273770035,8.865077139328776,3.1743485568442225,8.84848043224548,3.51056328084798,3.137031098648851,2.7287598535708866,2.7684214029001355,2.506376954642172,3.339351577020117,3.169673280680371,0.7797801003468261,0.5927304471656337,0.3938341779278676,0.43821993788110875,0.3373854844295172,0.690088501379398,0.41861898803084174,2.9691685622985857,"[{'hour_utc': 18, 'regime': 'radiative',",0.9948242322779852,0.933487032275546,0.9949758453152809,1.6731245744238796
3.3795701240508493,3.800995129226294,-4.309211406817667,4.0,LBPD_CFOG_2025-01-08,CFOG,0.94,0.2817647058823529,0.0,-11.315211406817639,2025-01-08,HIT,False,,LBPD,7.216002454728482,8.433985631155224,9.854419779339139,9.787300271629363,10.850832200599257,7.757328310918126,11.99311977726552,5.186093366912979,5.24230579882004,4.986379977484248,5.304764056494554,5.220607269481792,5.211076669982784,5.05962211947576,0.8119475336258192,0.7501888434446652,0.576639243496603,0.6815680765767164,0.6189675387727632,0.7844992268786396,0.5392565710175591,559.6062363739122,8.0,5.0,,34,0,-3.0,7.029999999999973,7.300000000000011,9.854419776654538,7.600000000000023,8.117681424858745,7.149999999999977,11.993098976075373,5.404520402990743,4.829466158532902,4.98637998189522,4.261990101073385,3.8695653576611915,5.140939320345005,5.059656297660411,0.8561305693246494,0.7425955741182318,0.5766392440938027,0.6340379026185016,0.5475793864984133,0.8036688821428647,0.5392609386618016,4.7181953193491335,"[{'hour_utc': 18, 'regime': 'radiative',",0.9842418874036967,0.9345488158629358,0.9949264026816113,0.6692498297695518
3.4081316291560313,5.492134874080682,2.5835657174342828,4.300000000000011,LBPD_CFOG_2025-01-27,CFOG,0.94,0.6105882352941175,0.0,-1.422434282565689,2025-01-27,MISS,False,,LBPD,8.74100371689849,9.459571812231957,9.611613919119748,10.25798080704692,10.670922224005096,9.060367314824475,11.182331605495449,5.116229626943182,5.334318943423709,2.826097754759785,5.576640406179849,5.740317508690391,5.213158212045639,5.146085744866688,0.7213182453199626,0.70779474678577,0.33568361189986673,0.6927686373033339,0.6850340943585392,0.7153078015269881,0.5822839339772555,10000.0,10.0,4.0,,34,0,,4.029999999999973,4.300000000000011,9.61161384784458,4.600000000000023,5.221448349399509,4.149999999999977,11.181777067629355,4.366569504540018,3.901955989248435,2.826097744314308,3.4434652495641287,3.228537876259941,4.153609884551725,5.146004476538041,0.8533788602080807,0.7398263907513453,0.33568361219870324,0.6313130869560932,0.5529118065853054,0.8009015554833869,0.582299882955799,4.543275177962579,"[{'hour_utc': 18, 'regime': 'dynamic', '",0.8642631391797168,0.8022625646992919,0.9495550648228823,0.0
3.3323578382703847,0.6681228247944091,-3.2995443972659473,0.39999999999997726,LBPD_CFOG_2025-02-25,CFOG,0.95,0.71,0.07,-5.348153735462063,2025-02-25,HIT,False,,LBPD,,3.927082304044575,1.6239531539150676,4.292152585760277,4.487514911291214,3.7445471631867235,4.36379340902181,,4.6184838457879245,3.802643676268021,4.635801860605722,4.596955893524089,4.609824838379026,4.426626682362168,,0.9035962256712843,0.7833514474391842,0.8729256702138489,0.8432368450086426,0.9189315034000018,0.7986311702160078,510.69475173477656,5.0,4.0,,34,0,0.5,2.243046690980691,4.43046690980708,1.6239531312124313,6.860933819614161,8.874695247465354,3.2152334549035686,4.36364118096202,4.366569504540018,3.901955989248435,3.8026436737717813,3.4434652495641287,3.1386927437018586,4.153609884551725,4.426609944306662,0.9693535533882275,0.7330174339483922,0.7833514482113194,0.5389251559044459,0.42645635227283907,0.8558635772763916,0.7986367567088184,4.000878271966156,"[{'hour_utc': 18, 'regime': 'radiative',",0.9946402963575038,0.994448201542345,0.994718219280569,0.6692498297695518
0.7216781455339685,14.281053171133726,11.465826507252132,14.5,LBPD_CLDY_2024-10-29,CLDY,0.78,0.53,0.47,-3.5789690996573427,2024-10-29,CN,False,,LBPD,,16.753923556107736,12.525515187156884,16.945142865334788,17.045212769177965,16.65831390149424,16.820509205772566,,6.5111939399825625,6.43049391458537,6.51644288898411,6.497604418759288,6.508569465481788,6.400174236114942,,0.5350369668240004,0.628625549213784,0.5226306925041613,0.5115427542937871,0.54124010398392,0.4993537175182374,10000.0,17.0,7.0,,34,0,,15.223978034547486,17.239780345474855,12.525515176803538,19.479560690949654,21.34683961363362,16.119890172737428,16.820407785029033,6.213845306980064,5.552676745686614,6.430493913221536,4.900221204152921,4.454457787691606,5.910792983000863,6.400160876113571,0.5672311801738326,0.4398294765468657,0.6286255495013798,0.3321660745306826,0.26708879964092835,0.506489770592855,0.4993559339222247,6.276216740800762,"[{'hour_utc': 18, 'regime': 'radiative',",0.6274977890087401,0.6103092954450973,0.7355445166932377,1.6731245744238794
1.6796775574767915,6.336636192456604,4.261660034195643,7.699999999999989,LBPD_CLDY_2024-11-12,CLDY,1.0,0.9676470588235294,1.0,-2.75000019520877,2024-11-12,HIT,False,,LBPD,,7.348942712435928,3.1466530195215228,6.706464413996002,6.080618229564493,,4.954585546778958,,5.853695493224889,5.384467972682711,5.793938359504254,5.74883080645093,,5.752073699550553,,0.9049706938136873,1.0000108856071566,0.9251924287940075,0.9470522820782853,,1.0001230396243987,414.28268071834725,8.0,7.0,,34,0,-10.0,7.05830114702195,7.583011470219333,3.146653015744903,8.166022940438666,8.553561054694342,7.291505735109638,4.954557309394261,6.213845306980064,5.552676745686614,5.384467975613014,4.900221204152921,4.423963097966945,5.910792983000863,5.75209560893365,0.98241410665369,0.8372809528442121,1.0000108864152302,0.7011309443214556,0.6118450795068033,0.9150247832838352,1.0001288273010425,5.9856327283171895,"[{'hour_utc': 18, 'regime': 'radiative',",0.9964538778071931,0.9950898179412533,0.9964538778071931,0.6692498297695518
0.6403971960357391,6.707312161715379,4.545533332088837,6.100000000000023,LBPD_CLDY_2024-11-29,CLDY,1.0,0.9052941176470588,0.88,-2.4516767049639157,2024-11-29,CN,False,,LBPD,,6.580485599065355,2.131735890475511,6.090510651496061,5.560247297030401,6.825473072849945,4.509265478494285,,5.216937193977995,4.997289976311713,5.030280942172738,4.829823279043856,5.310265319880624,4.552419569572575,,0.8463475561366944,0.9922510554203267,0.8341461218744147,0.8206918047569246,0.8524482732678342,0.8134464775499186,10000.0,8.0,3.0,,34,0,,6.986050185263878,6.860501852638492,2.1317358917459046,6.721003705276985,6.499150167284256,6.930250926319275,4.5092741485699435,5.404520402990743,4.829466158532902,4.997289978059975,4.261990101073385,3.8338549980990844,5.140939320345005,4.55243150101365,0.8587344818132696,0.7655318819492306,0.9922510556661381,0.6737955476711733,0.6089864348175646,0.8159858073812521,0.8134481043352711,5.314766705813251,"[{'hour_utc': 18, 'regime': 'dynamic', '",0.8675381268808888,0.8616063569666557,0.9556752099263248,3.3462491488477593
0.4952452660661872,8.228523031090424,4.7179748520929365,7.0,LBPD_CLDY_2024-12-10,CLDY,0.93,0.7564705882352941,0.77,-4.288025147907035,2024-12-10,FA,False,,LBPD,8.04777648598946,8.307498463689342,3.7034346367071294,8.59607843891149,8.5322444188443,8.163208476078296,7.791209955591341,5.703926446918422,5.606207919997251,4.815087033619771,5.497631778973727,5.321977159180739,5.6604959905090135,5.043735867347184,0.8426486306082611,0.8055295883511937,0.8528791578060738,0.7642862080655632,0.7340205293819599,0.8261512784940089,0.714594897210715,491.9798673741292,9.0,6.0,,34,0,,9.029999999999973,9.300000000000011,3.7034346561904385,9.600000000000023,9.78760156204379,9.149999999999977,7.7913398462634404,6.213845306980064,5.552676745686614,4.815087045192268,4.900221204152921,4.4109505506741735,5.910792983000863,5.043813018445865,0.8578926908890807,0.7443688854400682,0.8528791586086661,0.6357828802494633,0.5587558558175513,0.805440993679646,0.7145992583676859,6.276216740800762,"[{'hour_utc': 18, 'regime': 'radiative',",0.9400262449063674,0.9166639060524634,0.994966854296528,1.3384996595391037
1.6041180627812026,3.1567998888333135,2.659181536639437,3.1999999999999886,LBPD_CLDY_2024-12-26,CLDY,0.99,0.6505882352941177,0.96,-0.349224337016949,2024-12-26,CN,False,,LBPD,,3.4335887851368625,-3.2059873805791312,2.7153300252962254,1.9970727642265729,,0.564302171790132,,3.800742830820815,3.322744129307834,3.6938850799609244,3.587049575242609,,3.4289494274607457,,0.7753654362739208,0.9825781040904497,0.7831903109925394,0.7910197101806322,,0.8179806333036906,10000.0,3.0,2.0,,34,0,,3.0420293682818738,3.4202936828187944,-3.2059873833646293,3.840587365637589,4.089840121101929,3.210146841409369,0.6544043028776514,4.366569504540018,3.901955989248435,3.322744132958644,3.4434652495641287,3.082346625069983,4.153609884551725,3.4072381373079286,0.9154458063381323,0.7874045341211589,0.982578105358025,0.666083684885502,0.580226934348197,0.8561437920533117,0.8089097936512113,4.1507083577233885,"[{'hour_utc': 18, 'regime': 'dynamic', '",0.9277709200965075,0.8639817760520103,0.9277709200965075,3.6808740637325346
1.8654619026248136,-0.9565735802024278,-3.2325710044194693,0.0,LBPD_CLDY_2025-01-15,CLDY,0.97,0.8294117647058823,0.78,-3.2331903012241696,2025-01-15,FA,False,,LBPD,,-0.08009969749855372,-4.1104293928059406,-0.3542041091711212,-0.6988413731900209,,-1.6660879532806803,,3.5049038882106043,3.104218178944824,3.4873180934879993,3.4547079731941017,,3.3396613094896677,,0.9171974402727291,0.9776829332194362,0.9194664438245436,0.9224524894409175,,0.9338484994087195,483.03942639413475,0.0,-1.0,,34,0,,0.003096484023615176,0.030964840235810698,-4.110429393123638,0.061929680471621396,0.019237953425488286,0.015482420117905349,-1.6660898334761782,3.777545075598197,3.3756053221639153,3.1042181826578035,2.9789624161887045,2.6865123226737175,3.5933125159925337,3.3396832845122355,0.9861304828156197,0.8695051351189739,0.9776829344000986,0.7560247774308179,0.6765834795327204,0.9324812121196259,0.9338547221845115,3.5539162867802263,"[{'hour_utc': 18, 'regime': 'radiative',",0.9972095350795904,0.9951161032174035,0.9972095350795904,0.0
3.550574555437434,8.125110959762003,0.9243840021038636,7.899999999999977,LBPD_CLDY_2025-02-01,CLDY,1.0,0.6582352941176471,0.18,-11.082862832881744,2025-02-01,HIT,False,,LBPD,,12.35795015104236,7.22889353265748,12.455647960244335,12.468513455564903,,11.855971043099885,,3.8275651176530348,3.5083206750946725,3.583719945792183,3.374523280595971,,3.20812833968627,,0.42126358872562086,0.48949653742405064,0.3874390779934859,0.35957026013366267,,0.3476641205143195,613.2143571744465,14.0,3.0,,34,0,-5.0,12.03623417492804,12.362341749280517,7.228893530888854,12.724683498560978,13.012448944056302,12.181170874640259,11.855955403920461,5.036362633649853,4.5004813525324945,3.508320681577592,3.9716620287806315,3.527170345361238,4.790736817289405,3.208185665098531,0.567570667675619,0.4908560698163054,0.4894965383659876,0.4177355262162025,0.3596156125006695,0.5320942297368052,0.3476706820761701,5.085696552319311,"[{'hour_utc': 18, 'regime': 'radiative',",0.9306177144767559,0.7596601937166921,0.9948696503240669,1.6731245744238796
3.311364677793917,3.4599719306538987,-2.5690371748463576,4.199999999999989,LBPD_CLDY_2025-02-26,CLDY,0.78,0.4935294117647058,0.36,-6.62903717484636,2025-02-26,FA,False,,LBPD,,6.240949459319495,3.9761194836554523,6.1750612002161915,5.9067238867472724,6.273893588871147,5.162299229450127,,5.3379978970957715,4.668527130898967,5.399502758217462,5.408463210455759,5.307245466534926,5.338379099089736,,0.8857463633183165,0.8111562013437692,0.8891230938192173,0.8964237668779883,0.8840579980678661,0.9092967252345802,537.401410393232,5.0,4.0,,34,0,,4.300000000000011,7.0,3.976119447569431,10.0,12.369882146016039,5.5,5.162057816774336,4.690790272740609,4.191678807589966,4.668527122393569,3.69914473935861,3.408044530616113,4.462018219298351,5.338322198593822,0.8994757292406197,0.6580109168270926,0.8111562020079287,0.46691715469281214,0.37185013022986263,0.78244411667932,0.9093025138900273,4.650418539519578,"[{'hour_utc': 18, 'regime': 'radiative',",0.9754063525104488,0.9471852589512644,0.9947904475530173,0.6692498297695518
2.159960741969013,6.067784142675611,-0.1918711435325804,6.0,LBPD_CLDY_2025-03-02,CLDY,0.69,0.3152941176470588,0.67,-8.174175450430539,2025-03-02,CN,False,,LBPD,,7.001281077920453,0.4227541768813694,6.405310033083595,5.804751231111993,7.2992666003388536,4.517216092443107,,4.014352863521564,3.659866443663756,3.843212705807124,3.69916666291857,4.099922942378783,3.5476778294358877,,0.6332744736919453,0.8262937377155685,0.6241719617640131,0.6190224427973875,0.6378257296559114,0.6352784295994566,10000.0,8.0,7.0,,34,0,,7.911521534489793,7.115215344897933,0.4227541843328595,6.230430689795867,5.388049288791535,7.557607672448967,4.5172669198274775,5.404520402990743,4.829466158532902,3.6598664588117504,4.261990101073385,3.7857361801350247,5.140939320345005,3.5477811563344015,0.805581554900058,0.752168987879118,0.8262937405488108,0.6972351244439677,0.6489870180582903,0.7813580365108872,0.6352944053061995,4.816254237208718,"[{'hour_utc': 18, 'regime': 'dynamic', '",0.8538304580879014,0.8143385130272163,0.8923937366608001,3.0116242339629835
0.337714752839517,11.868660527642135,9.247019023836344,11.399999999999977,LBPD_CLDY_2025-03-31,CLDY,1.0,0.8729411764705882,0.64,-3.7342802665638715,2025-03-31,FA,False,,LBPD,,,5.773666782277417,11.302995124780693,10.779746654772055,,9.441459901531971,,,5.835520697891793,8.097122874490983,7.86427094099639,,7.18163457857025,,,0.8870999283119403,0.9277748260551703,0.9221580090027723,,0.8990652088256622,422.7545707957186,13.0,11.0,,16,0,,12.906496452001136,12.064964520011301,5.7736668672079645,11.129929040022603,10.300371754402988,12.532482260005679,9.441864663732247,8.958843116348032,8.005599505956516,5.835520749333283,7.064917942370369,6.486756455946562,8.521915669461677,7.181879738440758,0.928543339783722,0.868093031138554,0.8870999305244578,0.8058522653528309,0.7746389172536728,0.9011359301184212,0.899069239563518,8.812396185214201,"[{'hour_utc': 18, 'regime': 'radiative',",0.994930955320788,0.9799416380146303,0.994930955320788,2.342374404193431
2.1341297816295195,8.16271417550206,4.3773979508791285,9.899999999999977,LBPD_DYNM_2024-10-17,DYNM,0.21,0.014705882352941176,0.0,-7.617832794858373,2024-10-17,CN,False,,LBPD,,11.687586814962287,5.390766414473148,11.13463210552726,10.581677396092232,,9.214626452984021,,3.8353015341346506,3.682601855552546,3.764114302688067,3.692927071241482,,3.5845685627302544,,0.4424084041905209,0.5876936530490191,0.4451414793406159,0.4478745544907108,,0.465534370210174,10000.0,14.0,0.0,,34,0,,11.976153728687507,11.761537286875182,5.390766415532482,11.523074573750364,10.676327414528316,11.880768643437591,9.214683055224157,3.777545075598197,3.3756053221639153,3.682601855480784,2.9789624161887045,3.548018146731608,3.5933125159925337,3.5845647284024382,0.4274180045647225,0.3832486952518502,0.5876936529956023,0.3395136460188917,0.4278649099762936,0.40719013360358597,0.4655321755656096,3.7856645579675394,"[{'hour_utc': 18, 'regime': 'dynamic', '",0.6123183467857586,0.5601615025934654,0.7479898648204135,3.6808740637325346
1.4438664635391205,9.494210818984367,3.4939411151970035,9.399999999999977,LBPD_DYNM_2024-11-04,DYNM,0.02,0.001764705882352941,0.0,-9.508713725386428,2024-11-04,CN,False,,LBPD,,13.11297473844462,8.58041602481984,13.137576621214293,13.021771175326364,13.100673797059812,12.317794574841287,,3.758495365584493,3.2671737885212195,3.7820158934243278,3.7805362937459055,3.7467351016645756,3.688693091561417,,0.3920398063922159,0.41379536929574423,0.38914062072858135,0.3872853667261006,0.3934893992240332,0.3864577079367571,10000.0,14.0,3.0,,34,0,,13.013274202917046,13.132742029170288,8.58041602406496,13.265484058340519,13.348665502294637,13.066371014585116,12.317787988876319,3.51056328084798,3.137031098648851,3.2671737870684767,2.7684214029001355,2.5224189676215545,3.339351577020117,3.6886804175290706,0.37069479951301204,0.3250688296909814,0.4137953691376036,0.28092945031994426,0.25178616660528796,0.3496751374825282,0.3864565610771272,3.6627050088625763,"[{'hour_utc': 18, 'regime': 'dynamic', '",0.5456962333929816,0.49523714474270086,0.7201483269050749,3.3462491488477593
1.495993411633009,3.4573974320673755,0.4027619983781392,4.399999999999977,LBPD_DYNM_2024-11-10,DYNM,0.52,0.09588235294117647,0.52,-4.623723480279409,2024-11-10,CN,False,,LBPD,,6.005242576217427,0.1102964814415941,5.734842716607545,5.402294199286757,,4.413906616279178,,3.797686105245863,3.4999711607312487,3.690620126902093,3.5947030342139183,,3.4543428585708127,,0.6433997078425964,0.8106357918862592,0.6293709859427616,0.6197979938768869,,0.6231677015585995,10000.0,6.0,-2.0,,34,0,,5.132427393287628,6.324273932876622,0.11029647117118202,7.648547865753244,8.683223602082023,5.662136966438311,4.413835674219001,3.51056328084798,3.137031098648851,3.4999711580875927,2.7684214029001355,2.5104251821630466,3.339351577020117,3.454324597708602,0.6347924644890273,0.5161040518699627,0.810635791880626,0.4104060263815543,0.34490469668101004,0.5789490229331615,0.6231675342423054,3.6051046817846233,"[{'hour_utc': 18, 'regime': 'dynamic', '",0.8177144458348374,0.7374552153263827,0.8360820937703989,3.3462491488477593
4.353769534972247,1.7695949138490619,-1.9221473260769244,4.100000000000023,LBPD_DYNM_2024-12-12,DYNM,0.02,0.001764705882352941,0.0,-7.9205280373174105,2024-12-12,CN,False,,LBPD,,5.79163093420766,-0.023082221436993677,5.288565270977358,4.766479827337946,,3.5531993291438084,,3.31307540759499,3.02594816844993,3.2651517720846828,3.221586667484772,,3.176458986882166,,0.5709066560562477,0.706274457241482,0.5756802878662955,0.5820807520554244,,0.6100965262918009,10000.0,7.0,0.0,,34,0,,5.991903556202374,5.919035562023737,-0.023082220888397842,5.838071124047531,5.677412510738009,5.9595177810118685,3.553203250599495,3.51056328084798,3.137031098648851,3.025948170070485,2.7684214029001355,2.495771116226726,3.339351577020117,3.176470569994664,0.5977136673941246,0.5309009686841853,0.7062744575809952,0.4653880698278541,0.4200719609335183,0.5670393404813963,0.6100985760765817,3.4120209919252646,"[{'hour_utc': 18, 'regime': 'dynamic', '",0.8658957165484431,0.7919979514866358,0.8658957165484431,5.019373723271639
4.533023552828011,10.382606045716988,5.266483906430608,11.5,LBPD_DYNM_2024-12-17,DYNM,0.0,0.0,0.0,-8.770373432351903,2024-12-17,CN,False,,LBPD,,15.4341553870496,10.798092909930688,15.387093589594372,15.252061677926804,15.457686285777186,14.597380811834569,,4.322794632295986,3.720297377528295,4.15017665833393,3.9734310138495554,4.409103619277014,3.6224063713239527,,0.3874711721785957,0.4080671040968529,0.3687307472505443,0.35170096303663,0.3968413846426215,0.32680630867533056,10000.0,16.0,3.0,,34,0,,14.18428669391244,15.842866939124406,10.798092901063399,17.68573387824881,19.187013738680093,14.921433469562203,14.597297369038984,4.690790272740609,4.191678807589966,3.7202973796003254,3.69914473935861,3.3111343092983954,4.462018219298351,3.622425869535438,0.4584327824508941,0.36349439457085647,0.4080671045540435,0.2812510025980368,0.22667617966570927,0.41345078741334557,0.32680984737785773,4.569513818218189,"[{'hour_utc': 18, 'regime': 'dynamic', '",0.6360684053289655,0.5802303150672466,0.7644987570152763,4.3501238935020865
2.4023782878863944,1.8057012471262055,0.8129877198094277,0.30000000000001137,LBPD_DYNM_2025-01-03,DYNM,0.75,0.49,0.55,-2.2164404593613654,2025-01-03,FA,False,,LBPD,,,5.725239637738582,5.990057472439389,7.325212481234189,,8.436064010741461,,,2.8861267734595546,4.283240652074984,3.739804302047804,,3.2081125742051104,,,0.44087816121670487,0.7148993451581054,0.5715004046654204,,0.4327972363784127,465.7615005688264,6.0,4.0,,34,0,,3.147140895854079,4.471408958540792,5.7252395456319505,5.942817917081527,7.397055931690147,3.735704479270396,8.435517072029938,4.812008890629466,4.299999442955611,2.8861267897511933,3.794737364554787,3.3707470772014414,4.57732493543154,3.208209315655656,0.9760981463029895,0.7851637503086492,0.4408781663554112,0.6171385530584016,0.4904599798214205,0.8859917145607966,0.4328267573672887,4.452215439794111,"[{'hour_utc': 18, 'regime': 'radiative',",0.9951643975028848,0.9937350319061918,0.9951643975028848,1.0038747446543277
1.8099150874440075,4.15364686432132,0.14592524391656525,5.800000000000011,LBPD_DYNM_2025-01-25,DYNM,0.49,0.03,0.01,-6.883161300419715,2025-01-25,CN,False,,LBPD,,8.050923048907464,4.5111982294247355,8.056934421872768,7.949320506254935,8.047917362424812,7.378042194064449,,4.331716822484943,3.69350461719079,4.212610540615378,4.064935199042977,4.3912699634197265,3.7519108364090914,,0.6358009275187043,0.6197865485559432,0.6105447080646719,0.5860534438293841,0.6484290372457205,0.5490335257135874,10000.0,10.0,2.0,,34,0,,7.145432721681345,8.454327216813624,4.511198218144159,9.908654433627305,11.07589890242366,7.7271636084068405,7.377959167371387,3.777545075598197,3.3756053221639153,3.6935046109500913,2.9789624161887045,2.7079191976392734,3.5933125159925337,3.7518649039107594,0.5936546622531902,0.4794128872779965,0.6197865480344207,0.3784322629075093,0.3160290871068831,0.539801609233237,0.5490300092105505,3.9216006426857093,"[{'hour_utc': 18, 'regime': 'dynamic', '",0.8310398990429371,0.7659799699022802,0.8469967925939412,4.015498978617311
6.409659524648116,-1.9501361850343641,-6.752825155759524,2.1999999999999886,LBPD_DYNM_2025-02-05,DYNM,0.65,0.3523529411764706,0.02,-8.794001034589996,2025-02-05,FA,False,,LBPD,,4.213690534143609,-2.5244518952695785,3.738577789900546,3.2606948452057622,,2.046640742267641,,2.3604493849932444,1.9038960769465822,2.2980572832277453,2.2359420841771422,,2.137529567779099,,0.4554475635526143,0.5351408662289759,0.45281725416177915,0.4503229344108334,,0.4580137099043454,807.0229870669184,6.0,-6.0,,34,0,,2.205879394152248,4.058793941522879,-2.5244519083933596,6.117587883045758,7.788949166906036,3.029396970761411,2.2207206083864435,2.6031789588023586,2.3261948756610242,1.9038960785228118,2.0528609476099864,1.8410798152079764,2.47622091055969,2.1223526175749683,0.5794267009203585,0.448624942112136,0.5351408671731563,0.33832631973723193,0.2687383819434804,0.5170303427607142,0.4510346108857798,2.6246368549228216,"[{'hour_utc': 18, 'regime': 'radiative',",0.9745549015611893,0.8061996109697601,0.9948794322723695,2.0077494893086554
1.2427794448549379,-2.605069641398882,-7.061303683048834,-1.1999999999999886,LBPD_DYNM_2025-02-21,DYNM,0.87,0.26823529411764707,0.87,-6.0520205750022456,2025-02-21,CN,False,,LBPD,,,-9.025054520811807,-2.189072705873059,-3.0733749493981577,,-4.765678138566216,,,1.6533208408943527,1.873203768353372,1.7739401327659092,,1.6193942715650276,,,0.7682767439495484,0.5709895639697989,0.5703089601161282,,0.5767374198010166,10000.0,1.0,-10.0,,34,0,,-1.0464155402330562,-1.464155402330789,-9.025054518462184,-1.928310804661578,-2.5192657099534017,-1.2320777011653945,-4.765493941437683,2.6031789588023586,2.3261948756610242,1.6533208432103181,2.0528609476099864,1.8150757609399681,2.47622091055969,1.6195758283752482,0.733902999146579,0.6686854244197717,0.7682767448694734,0.6030696954826585,0.5515930996620593,0.7041578957842853,0.5767897587383745,2.239926961385971,"[{'hour_utc': 18, 'regime': 'dynamic', '",0.7399965280632279,0.7050118647338846,0.7399965280632279,2.6769993190782073
2.519766894299691,14.116833153352662,9.970453991123065,13.600000000000023,LBPD_DYNM_2025-03-16,DYNM,0.47,0.19882352941176473,0.27,-5.059745172806743,2025-03-16,CN,False,,LBPD,,,12.316703585677146,17.450185069501515,17.647777837999456,,16.753979503397943,,,6.28367627154414,7.212351949668517,6.615325939128095,,6.184042568984035,,,0.6165460517845721,0.5535156599804936,0.49562200329023615,,0.4784346677571756,10000.0,19.0,7.0,,34,0,,15.150995819648926,16.509958196489663,12.316703489142185,18.019916392979326,19.240098824507697,15.754979098244803,16.753351846565124,6.37482790260002,5.69653036606325,6.28367622739437,5.027171578560884,4.659874802037943,6.063924364787066,6.183755513270589,0.5698258372693361,0.46098544479196585,0.6165460514399875,0.36456554586527606,0.31078559544196854,0.5185478895826761,0.47843199913554924,6.5567952944084125,"[{'hour_utc': 18, 'regime': 'radiative',",0.6769810465199844,0.6285869101043182,0.7047501315684207,1.0038747446543277
1.7874481360088623,-6.331739037219506,-9.87447239960585,-2.1999999999999886,LBSF_CDRY_2024-01-14,CDRY,0.35,0.08823529411764705,0.0,-5.8804723996058215,2024-01-14,CN,False,,LBSF,-1.6684657711152795,-0.466469185843323,-1.3720945921836005,0.869082575569962,1.0158026397867275,-1.1342450665499655,0.7591133486628223,2.742207969281927,2.571168303922267,1.657500809254765,2.3811242313004226,2.1799341670604275,2.666190340233189,1.8834653399855026,0.7705390828754868,0.6628756799380026,0.40068144596243677,0.543249676674131,0.4846290730820125,0.7226886815699383,0.4152851755621194,10000.0,-3.0,-6.0,,34,0,,-3.9700000000000273,-3.6999999999999886,-1.3720946235368956,-3.3999999999999773,-2.8886234342560897,-3.8500000000000227,0.7587781231579243,2.3515087895242295,2.101303080047737,1.657500803950538,1.8543946345645725,1.6677458513468089,2.236824840273258,1.8834086278514668,0.7827989564115373,0.6776075403696482,0.4006814456492019,0.577249314044535,0.4935482868721145,0.7341652402152264,0.4152829379339606,2.2467475042367235,"[{'hour_utc': 18, 'regime': 'radiative',",0.9726441691465004,0.8979562606233212,0.9939121815811123,1.0038747446543277
1.3315452740548475,-4.859412153932612,-12.18052814934282,-1.1999999999999886,LBSF_CDRY_2024-01-30,CDRY,0.36,0.02588235294117647,0.0,-9.186528149342791,2024-01-30,FA,False,,LBSF,-1.1968929796168482,-1.3841497920512893,-5.503171965771003,-1.6470030024308926,-2.4638448546073732,-1.2801182295877425,-3.796998562885449,2.724841911785176,2.5193234877336317,1.2675591481578659,2.3040581540379366,2.221131802936447,2.63350038998449,2.0564215818444103,0.757345351701834,0.7011185727182859,0.4267469323323988,0.6449036182296498,0.6519765791587392,0.7323556721535904,0.6501184335318458,821.8727279039758,-1.0,-6.0,,34,0,,-2.9700000000000273,-2.6999999999999886,-5.5031731245893525,-2.3999999999999773,-2.209172387085232,-2.8500000000000227,-3.7973187285771246,2.2909890750660313,2.0472228237601264,1.2675588785728367,1.806668975899775,1.6482366772645285,2.179256707118239,2.0563470991805435,0.7262258825440312,0.628764522572228,0.42674690039608754,0.5357608510711012,0.4765945466112146,0.6811685587090235,0.650111246922048,2.2710623244587085,"[{'hour_utc': 18, 'regime': 'radiative',",0.9207675377889498,0.8338581909853102,0.9949797912851153,0.6692498297695518
3.297017155688093,-5.993161166476125,-12.177224429291527,-1.8999999999999773,LBSF_CDRY_2024-01-31,CDRY,0.81,0.27294117647058824,0.0,-9.23722442929153,2024-01-31,FA,False,,LBSF,,,0.2815920353949082,3.653219436146969,3.597058069604657,,2.51921338101198,,,0.46026150849485964,1.315838059582819,1.1085676908484763,,0.9359989536459489,,,0.10005604808251362,0.24992583516077096,0.20890139475447952,,0.1855173131978145,935.0363403129043,2.0,-7.0,,34,0,,-2.6999999999999886,0.0,0.281586773982724,3.0,5.530819876642568,-1.5,2.5174769424747296,2.3515087895242295,2.101303080047737,0.4602622708071465,1.8543946345645725,1.5815722077584102,2.236824840273258,0.9362505416957457,0.7117678733605326,0.5151705800734999,0.10005627702495003,0.3614472316917275,0.2535308348673224,0.6161969021279685,0.1855867862482115,2.2567877944092674,"[{'hour_utc': 18, 'regime': 'radiative',",0.9802891679506875,0.8817647057719972,0.994972101868067,1.3384996595391037
1.0783275001848969,5.211488609094022,-2.8195110003032937,6.600000000000023,LBSF_CDRY_2024-02-06,CDRY,0.0,0.0,0.0,-10.879511000303296,2024-02-06,CN,False,,LBSF,,11.871626877327401,8.566586485629898,13.285971198294362,14.02106750085403,11.164454716843863,12.950595439388167,,3.2154458403601853,1.9719389428968457,2.7309957022391287,2.3801110755867727,3.4576709094207136,2.177639080138408,,0.3529255206128804,0.23759320739435769,0.27120014659794023,0.21643728652412877,0.39378820762035044,0.20761052366001342,10000.0,14.0,-1.0,,34,0,,8.300000000000011,11.0,8.566586475150586,14.0,16.61160612535241,9.5,12.950445353457326,3.433139349784711,3.0678452792480013,1.9719389427933816,2.7073651315761085,2.404016898584964,3.265703655632221,2.17763759831989,0.4731103579773143,0.34797422820480706,0.23759320755257904,0.2483160019868921,0.18362383590682413,0.412555478678901,0.20761245184562369,3.467599419847634,"[{'hour_utc': 18, 'regime': 'radiative',",0.7114276942214041,0.5987165787565766,0.9701132008499936,0.6692498297695518
1.9955093051969641,1.1973749517420402,-6.152472273532226,4.0,LBSF_CDRY_2024-02-15,CDRY,0.2,0.027058823529411764,0.2,-11.174078879260435,2024-02-15,FA,False,,LBSF,,6.013818410195086,-1.5033411632329035,5.171518133446909,4.329217856698733,,2.6217522324069478,,3.2524297154151642,2.8971169242374106,3.228943775734391,3.2054578360536174,,3.271117081216011,,0.524894950588355,0.7161896967438722,0.5464374544521298,0.5679799583159044,,0.6389362756678931,729.8325734274832,7.0,-1.0,,34,0,,5.108033028640989,6.080330286409946,-1.5033411662830645,7.160660572819836,5.580145627809884,5.540165143204945,2.621421973891927,3.433139349784711,3.0678452792480013,2.8971169248318285,2.7073651315761085,2.9410901938339378,3.265703655632221,3.271181441386406,0.5904842351595117,0.48745526098910297,0.7161896970520939,0.39413573336293833,0.48745515551595714,0.5422163116748959,0.638961262113876,3.4157637457985657,"[{'hour_utc': 18, 'regime': 'radiative',",0.9513622806841034,0.7896256124927795,0.9949284629967604,1.3384996595391037
1.685314044932386,10.630455734586088,6.990201824667167,14.399999999999977,LBSF_CDRY_2024-04-05,CDRY,0.52,0.08941176470588236,0.04,-7.069798175332835,2024-04-05,CN,False,,LBSF,,17.759326885684743,10.478477161943033,17.291720196451138,16.82411350721759,,15.141480041425439,,5.218104591519521,4.711791859880867,5.081960377052107,4.945816162584694,,4.826845133923358,,0.3829509263252531,0.5022991041456648,0.3797064377692626,0.37646194921327214,,0.4004894203270102,10000.0,20.0,2.0,,34,0,,14.300000000000011,17.0,10.47847403913346,20.0,19.572308504179546,15.5,15.139989600180172,4.939658739534665,4.4140670092961,4.711791662426716,3.895401638535631,4.252759717986838,4.698749227743237,4.826750893846575,0.4547568169078323,0.3369843718621423,0.5022991707328683,0.24235724058958683,0.28449700815796863,0.39789120147248064,0.40051871966317376,4.989240512986127,"[{'hour_utc': 18, 'regime': 'radiative',",0.7200909112527889,0.5953099000001669,0.7532414388429032,1.6731245744238796
2.061989750422197,18.675669370545233,13.599643865331188,17.899999999999977,LBSF_CDRY_2024-05-07,CDRY,0.47,0.19352941176470587,0.12,-7.38035613466883,2024-05-07,CN,False,,LBSF,,20.21878931662826,13.249206519467236,20.057933663504286,19.572464769063913,20.299217143190276,17.887347291830736,,7.7338289167602925,6.72514159256938,7.04534333005219,6.704866011197375,8.078071710114344,6.772923613232315,,0.4818212218033125,0.5920416420558243,0.43817978075820774,0.4254212405935506,0.5036419423258649,0.46733273507703593,10000.0,24.0,9.0,,34,0,,20.899999999999977,20.0,13.249206521662813,19.0,18.076681311238474,20.5,17.887384201468137,8.038790498707746,7.183442927632912,6.725141592130582,6.339367308560237,5.696460740939764,7.646734547473332,6.772916236645746,0.4834767483695336,0.452509098277864,0.5920416419324476,0.42058766181021956,0.39625461307539217,0.4694406111665189,0.4673311257493613,8.119479838077757,"[{'hour_utc': 18, 'regime': 'radiative',",0.6070230560108838,0.5651260184159215,0.8185950945445495,1.6731245744238796
0.9764104312651493,20.547852737107508,15.339646641882268,21.30000000000001,LBSF_CDRY_2024-06-01,CDRY,0.5,0.11764705882352941,0.26,-7.685680509720214,2024-06-01,CN,False,,LBSF,,23.734815691855886,16.365680922434933,23.30209721279101,22.77828384054868,23.951174931388323,21.045276471205057,,10.065638084019074,8.93934789826616,9.599551576792214,9.22720786663615,10.298681337632503,9.18782339571381,,0.5039468760293939,0.6432397040186633,0.48785913794599367,0.4793919888697996,0.5119907450710941,0.5197935508668682,10000.0,26.0,14.0,,34,0,,23.126635758012355,24.266357580123895,16.36568047364011,25.532715160247733,26.49154814871565,23.633178790061947,21.336148517564823,11.219729711914548,10.025921769867962,8.939348381767545,8.847846082494915,7.932721563132496,10.672537524623793,9.086443101055679,0.586774582568181,0.4832504178451334,0.6432397464673464,0.38967602844222526,0.327026405226601,0.5382495580575803,0.5078598019763558,11.332347760338262,"[{'hour_utc': 18, 'regime': 'radiative',",0.8176608963747775,0.7024552931623738,0.9625096001829476,1.0038747446543277
1.0526477357515547,18.41931667451222,11.702815463238096,20.899999999999977,LBSF_CDRY_2024-06-15,CDRY,0.0,0.0,0.0,-10.303184536761876,2024-06-15,CN,False,,LBSF,22.83153072364655,22.53748681238818,14.911762555276823,22.210771355434417,21.52790427119669,22.700844540865035,19.67750262588521,7.748898035467792,7.3339572268742526,6.464545031916833,6.872911883992542,6.72062578776041,7.564479898315107,6.807066973700598,0.41316564947099016,0.3938416554722448,0.5067270009014128,0.3723705510291944,0.3764149600485656,0.40457720769377,0.41845158032947977,10000.0,25.0,9.0,,34,0,,22.029999999999973,22.30000000000001,14.911762552037032,22.600000000000023,22.74726098771481,22.149999999999977,19.677445195367113,8.600951853636728,7.68578882304438,6.464545035592838,6.782686005286942,6.079066392430396,8.181478969598968,6.807132136540073,0.48175927526793894,0.4187530095025709,0.5067270012959999,0.35836746302384676,0.31499299875671033,0.4526631191011681,0.41845704801662553,8.68728389320932,"[{'hour_utc': 18, 'regime': 'radiative',",0.7513010953395597,0.6206245370631585,0.9512671260234195,1.3384996595391037
0.7574852821381967,20.34609815028356,14.54808834589221,21.399999999999977,LBSF_CDRY_2024-06-28,CDRY,0.58,0.16764705882352943,0.58,-7.457186590465653,2024-06-28,CN,False,,LBSF,,21.69999999999999,14.092337917485281,20.79090909090911,19.886440677966107,22.154545454545428,18.106779661016958,,11.234315871205883,9.556683775114129,11.167797662480274,11.123011786210585,11.267574975568687,11.171078139225367,,0.6396060821417632,0.7972746660644517,0.6655237696444554,0.6934278655715053,0.6266472383904171,0.7618166441132048,1240.564736588988,24.0,17.0,,34,0,,22.02637468178932,22.263746817893093,14.09233791706555,22.527493635786186,22.59668078639993,22.131873408946547,18.26018274020197,11.977449717488655,10.70301835670003,9.556683776912775,9.445381723124818,8.51936374563314,11.393303089458728,11.02373071004293,0.6710370770866279,0.5844707422770994,0.7972746662365485,0.5013236096021397,0.4473339190767375,0.6310832337251248,0.7478891096729773,12.097673388019732,"[{'hour_utc': 18, 'regime': 'radiative',",0.8490312583051633,0.7569947387073481,0.9948492887633695,1.3384996595391037
1.5569792615023517,20.204421908916846,13.522203235783309,22.600000000000023,LBSF_CDRY_2024-07-05,CDRY,0.2,0.027647058823529417,0.08,-9.502098412447367,2024-07-05,CN,False,,LBSF,,23.508467086881524,15.445080021442266,22.66875218397945,21.811567911403017,23.92832453833256,19.957444408855793,,7.703428155082063,6.473565550917968,7.522232958099873,7.381361242503564,7.794025753573158,7.422205662397985,,0.3914411355600698,0.4943868607716495,0.3980542492948073,0.40758379943872874,0.38813457869270107,0.4499743910000432,10000.0,25.0,12.0,,34,0,,23.121508241153265,24.215082411532364,15.44507970677887,25.43016482306473,26.308103672024345,23.60754120576621,20.309679430770814,9.198132124054899,8.219427528435606,6.473566055665781,7.253620509893952,6.499691349803172,8.749534414552027,7.353179901453225,0.48120149910455207,0.3974386628134099,0.49438690074342373,0.32148849905993887,0.27130884180165166,0.441970450193799,0.43930204391749494,9.290458366543296,"[{'hour_utc': 18, 'regime': 'radiative',",0.7018390340630345,0.5898431649236852,0.9011892579252258,1.3384996595391037
1.9460576344995615,21.243073740716035,14.041296352091877,23.399999999999977,LBSF_CDRY_2024-09-03,CDRY,0.0,0.0,0.0,-9.018703647908126,2024-09-03,CN,False,,LBSF,,25.607516709158745,19.290834789006226,25.69292788115456,25.639911599127515,,23.833198885650063,,8.378608387638975,7.378926573316616,8.141348607332105,7.92605360205318,,7.765316541838645,,0.374244024875716,0.4404770636184235,0.35760287772622057,0.3449878230403147,,0.3692211353640321,10000.0,29.0,10.0,,34,0,,23.30000000000001,26.0,19.290831847784943,29.0,31.480966050685026,24.5,24.505117317810914,8.038790498707746,7.183442927632912,7.37892616627027,6.339367308560237,5.722210010086091,7.646734547473332,7.511768532311386,0.4159165374680129,0.3111209866925003,0.44047711232073916,0.22592415506180846,0.17561746432173125,0.36546611333003953,0.3497370643688079,8.119479838077757,"[{'hour_utc': 18, 'regime': 'radiative',",0.5538847612043385,0.48062735435093906,0.7610378799205315,1.0038747446543277
1.8673625072399906,13.056476563604338,6.635349993636851,14.800000000000011,LBSF_CDRY_2024-09-22,CDRY,0.0,0.0,0.0,-9.396756626197373,2024-09-22,CN,False,,LBSF,,17.438541973629242,11.559631864611504,17.450436084345938,17.405509930431208,,15.805862019538495,,6.284214852420389,4.608597336738842,5.84558056376907,5.43377940135711,,5.32317157375045,,0.47034815542180985,0.4555655805788397,0.43227169421797834,0.39771391469829787,,0.4220947546949518,10000.0,21.0,6.0,,34,0,,16.160533099171175,17.605330991711696,11.559631298650004,19.210661983423336,20.51355974638699,16.80266549585582,16.16339101110981,6.544373533644215,5.848035892178182,4.608597411257774,5.160874736081761,4.624398955445356,6.225201157831847,5.230061520326559,0.5333761532024227,0.42934975146123455,0.4555656022974734,0.33769611482001216,0.27624658730353535,0.4842985509570462,0.4081219513408395,6.582514402689219,"[{'hour_utc': 18, 'regime': 'radiative',",0.7286079208310156,0.6626234667216634,0.9426053438008954,1.3384996595391037
0.8522683292164989,11.679882272081022,7.067491047843248,13.5,LBSF_CDRY_2024-10-08,CDRY,0.6,0.08941176470588237,0.0,-5.987653167689814,2024-10-08,CN,False,,LBSF,,15.637012325312696,13.897055361827313,16.490240119538896,17.07245647159766,,16.06879763837543,,7.300600665057915,4.784135644355418,6.955412405819106,6.683428947969786,,6.725100443387069,,0.6157301116083281,0.4042264210916692,0.5495792334031963,0.4990839864110369,,0.5233385421304974,10000.0,17.0,9.0,,34,0,,13.275721077665423,15.75721077665446,13.897055356962369,18.514421553308864,20.86898012835593,14.37860538832723,16.317096641479452,7.012217771518882,6.26610026200299,4.7841356435666755,5.529815247533135,4.993857362273535,6.670228362981341,6.61455609769028,0.6907709294768519,0.5185944076621596,0.40422642115555335,0.3782449917047304,0.29233614857005685,0.6079360741728566,0.5098145304525316,7.098986594602323,"[{'hour_utc': 18, 'regime': 'radiative',",0.8284268813217371,0.7797551733036148,0.9835278823056947,1.3384996595391037
1.164189411025427,14.381670133148248,9.647125323166733,15.899999999999977,LBSF_CDRY_2024-10-10,CDRY,0.36,0.052941176470588235,0.0,-6.3588746768332385,2024-10-10,CN,False,,LBSF,16.99143641826504,18.839556285097103,15.896287974568622,20.893022803799454,20.452801622454444,17.812823025745956,19.223167478961614,10.939995078692037,10.121773781743196,7.575056966547087,9.21263900735559,8.881488216586808,10.576341168936997,8.35957831321364,0.8476777415540095,0.7030125637395788,0.5579396228518756,0.5422734772791,0.5290353602817273,0.7833821069698181,0.526009546151174,10000.0,22.0,10.0,,34,0,,16.029999999999973,16.30000000000001,15.896287968806462,16.600000000000023,17.02008225640253,16.149999999999977,19.223063745691206,8.600951853636728,7.68578882304438,7.575056950499009,6.782686005286942,6.173707291497922,8.181478969598968,8.359289407461615,0.7069528435673313,0.6140303874455495,0.557939621905393,0.5250488306953222,0.4582731535500804,0.6640320924328529,0.5259951315211642,8.679414496289601,"[{'hour_utc': 18, 'regime': 'radiative',",0.8890619697883958,0.7981862520353507,0.9907401540934082,0.6692498297695518
1.2170628142419324,8.539173555061689,4.8967541994270505,11.199999999999989,LBSF_CDRY_2024-10-16,CDRY,0.45,0.17411764705882352,0.42,-4.154577880613601,2024-10-16,CN,False,,LBSF,,,6.591271848084716,11.935536757060902,11.109327957238463,,9.645932765821328,,,4.743269299165336,5.449985786847212,5.367914081082694,,5.105146603240755,,,0.6622535317490851,0.5827900814138952,0.5993662492577276,,0.6138155710338624,10000.0,13.0,5.0,,34,0,,9.256660400203202,11.56660400203225,6.591268333499329,14.133208004064556,15.694278585628695,10.283302001016125,9.644806633744622,5.691603885890179,5.086003197250513,4.743269550656957,4.4883832431399,4.1836907555827905,5.414021576567098,5.105227185371475,0.7346380841424041,0.5553364800214162,0.662253710994784,0.40809463917619865,0.34945195465183204,0.6485348014747189,0.6138710191568689,5.748733316242046,"[{'hour_utc': 18, 'regime': 'radiative',",0.8191130363742108,0.7804358601872252,0.9443715808584161,0.3346249148847759
1.3478986264406254,4.561398679173317,-1.3337076490360573,8.800000000000011,LBSF_CDRY_2024-10-22,CDRY,0.36,0.021176470588235293,0.0,-9.39370764903606,2024-10-22,FA,False,,LBSF,,,11.014260362905759,14.345051880331312,14.184457967793719,,13.445778612629397,,,2.3832591018637306,4.306425249255048,4.034389559286053,,3.604774792974161,,,0.24520428953181023,0.39352855962169847,0.3681390119154619,,0.3367823450233009,1006.649567155094,12.0,3.0,,34,0,,8.300000000000011,11.0,11.014254420172904,14.0,16.508451201893365,9.5,13.444183165841991,4.5981087150422795,4.108858813504856,2.3832593069685304,3.626056351106426,3.2870079575243647,4.37385679450714,3.6048298575043085,0.6336511975255307,0.46605250406680504,0.24520443826273078,0.33257716353818534,0.2542872328087273,0.5525481715035799,0.33682403176731346,4.602819139141408,"[{'hour_utc': 18, 'regime': 'radiative',",0.9745386951274656,0.8335448652281748,0.9949590835547512,1.6731245744238794
1.3491441479751587,6.623024556817461,-0.9193850753503625,9.5,LBSF_CDRY_2024-10-23,CDRY,0.81,0.18352941176470589,0.0,-10.979385075350365,2024-10-23,CN,False,,LBSF,,,11.00749991960356,16.068013250759975,15.739012803080811,,14.681929287385458,,,3.637870103445274,4.979878006710163,4.8043787560631825,,4.426791192480465,,,0.37639490591336777,0.4066618318070302,0.39601411827290284,,0.3814593330593181,10000.0,15.0,3.0,,34,0,,10.300000000000011,13.0,11.007494472792644,16.0,18.475832437803206,11.5,14.680504252982587,3.9776501238453505,3.554418662420594,3.637869203015728,3.1367646351060285,2.955865864545371,3.7836583258763623,4.426555615531694,0.4782888681490776,0.352696501477432,0.3763949606055406,0.25237061403199273,0.20335466260781246,0.4175592916490887,0.3814757948754444,4.0175757262294844,"[{'hour_utc': 18, 'regime': 'radiative',",0.7691365317954657,0.6311090090929458,0.9911909971269751,1.0038747446543277
1.3730478233725403,5.86898065867905,0.25325932921248295,9.199999999999989,LBSF_CDRY_2024-10-27,CDRY,0.81,0.3594117647058824,0.0,-10.79754082497277,2024-10-27,FA,False,,LBSF,,,11.820958979959016,14.705240654514569,15.146659733362867,,14.584704572782357,,,3.1778654862657123,5.818049995039544,5.4938007188711175,,5.316110705524046,,,0.3079932624162679,0.5190161045343678,0.4700132805391352,,0.4595146637058364,736.0340321622765,14.0,3.0,,34,0,,11.254000770926211,13.540007709262056,11.82095517250292,16.080015418524113,17.961945279714598,12.270003854631,14.583570059641602,4.939658739534665,4.4140670092961,3.1778642644080617,3.895401638535631,3.7494306684650986,4.698749227743237,5.315746626853879,0.5569326828543908,0.4225959873048891,0.3079932720429598,0.3117995719980645,0.26753889754439,0.4924923708332957,0.4595174075491815,4.9061293436959605,"[{'hour_utc': 18, 'regime': 'radiative',",0.9840455919608958,0.8183190656527713,0.9949616821558024,2.0077494893086554
1.763935932094652,9.86996246302723,5.953753684219578,11.300000000000011,LBSF_CDRY_2024-10-28,CDRY,0.83,0.28470588235294114,0.0,-5.1062463157804245,2024-10-28,CN,False,,LBSF,,,12.76759002485801,17.611594008864756,18.077754983440343,,16.978625193125822,,,5.732659113916214,5.914227166840395,5.662116876448527,,5.851978459114003,,,0.5265581599401388,0.43606949076635976,0.3998474181204046,,0.4333082541509822,10000.0,14.0,6.0,,34,0,,11.300000000000011,14.0,12.767582571454511,17.0,19.50340798187699,12.5,16.976385323273576,6.104673860018222,5.455121430301515,5.732659162361977,4.814128940494909,4.507735583539816,5.806945890335441,5.851993017859336,0.6861712933503347,0.5066289563772352,0.5265583841813524,0.36299348976119766,0.28801378793548593,0.5993866920832872,0.43336500666747374,6.137990972302214,"[{'hour_utc': 18, 'regime': 'radiative',",0.8210167813080641,0.7618651709278608,0.9256211670016985,0.0
3.158204579334451,0.46057979308773156,-6.4344261369288915,4.5,LBSF_CDRY_2024-11-06,CDRY,0.0,0.0,0.0,-11.476765357902991,2024-11-06,CN,False,,LBSF,,,6.355212091200883,8.577217107750016,8.31057561412672,,7.586478580354594,,,2.0346995947966815,3.899632570665895,3.925034633093599,,3.8662751781596203,,,0.28965643181067624,0.5257713947903135,0.5324149283103984,,0.5377319745100414,1495.6740965074416,7.0,-2.0,,34,0,,5.211696104870441,7.116961048704411,6.355209030492347,9.233922097408879,10.920092714788893,6.0584805243522055,7.58567591316438,3.1867320242804396,2.8476563468692793,2.0346990399053273,2.5130490807684778,2.383752553615924,3.0313137572000324,3.8661296585580653,0.544143624450427,0.421025320321716,0.28965646698583825,0.31727275831788126,0.26969353141989644,0.4854029646175272,0.5377418388436106,3.2077282683003574,"[{'hour_utc': 18, 'regime': 'radiative',",0.9697668389820774,0.7870800364248363,0.9949404924271404,2.0077494893086554
4.137311836631392,1.182753492010147,-8.20202654256866,2.6000000000000227,LBSF_CDRY_2024-12-17,CDRY,0.81,0.21176470588235297,0.34,-10.262026542568663,2024-12-17,FA,False,,LBSF,,,6.520662015100413,9.636380261532508,10.542882016178567,,10.150038293694422,,,3.664696405164904,4.674659101364219,4.200526476189275,,4.0285283990100815,,,0.5135999349399408,0.5897252549806176,0.491102671748191,,0.46802249942197477,546.4858865661863,7.0,3.0,,34,0,,2.3000000000000114,5.0,6.520655237650033,8.0,10.78594808320912,3.5,10.147725603561696,3.9776501238453505,3.554418662420594,3.6646954046431333,3.1367646351060285,2.9841453410556262,3.7836583258763623,4.028186987906251,0.8351437102126403,0.6091239169654362,0.5136000366025644,0.4308522217946289,0.33556428748159856,0.7255065605131553,0.4680541967050654,3.953259602171115,"[{'hour_utc': 18, 'regime': 'radiative',",0.9497886742227178,0.9009640536807126,0.9947510722575146,0.6692498297695518
2.0521870443307346,-4.381833100957851,-7.694878717978895,-0.8000000000000114,LBSF_CDRY_2024-12-22,CDRY,0.73,0.4747058823529412,0.2,-5.700878717978867,2024-12-22,FA,False,,LBSF,-0.6411129781212139,-0.11751572682572942,-1.9000067841562895,0.450856174578405,-0.3076513275125876,-0.4084030886565415,-1.3286376734363898,3.562854796568869,3.330259359400679,2.6050431955441917,3.074393031578132,3.073258337824306,3.45947904671634,3.0113525117040223,0.9268787204722407,0.8277368664530339,0.6561076498127039,0.7190018140776254,0.7511005186495284,0.8828156742414821,0.7726691731076903,667.7798413070374,-0.0,-3.0,,34,0,,-1.9700000000000273,-1.6999999999999886,-1.9000068098554266,-1.3999999999999773,-1.1290157032953516,-1.8500000000000227,-1.3288893508021147,3.1867320242804396,2.8476563468692793,2.605043188557813,2.5130490807684778,2.292833599894899,3.0313137572000324,3.0112840925736957,0.9135214333638597,0.7910760520495729,0.6561076493608748,0.6742067468956904,0.5951516833257762,0.8569167659867333,0.7726662443218394,2.838763442313709,"[{'hour_utc': 18, 'regime': 'radiative',",0.9946689416321954,0.9724651234092219,0.9949666439179753,1.3384996595391037
3.7087170802424207,-5.418161092692446,-11.78890836373364,-1.3999999999999773,LBSF_CDRY_2025-01-05,CDRY,0.5,0.14117647058823532,0.0,-9.848908363733642,2025-01-05,FA,False,,LBSF,,0.7506662503421353,0.9762807656793484,0.5914386099371427,0.36908530862979205,,-0.692024806325719,,3.092815255124068,1.5092259282400418,2.9707961043372686,2.8627508131974437,,2.783110860411775,,0.7241675580648724,0.3100926027088953,0.6949752476248353,0.672145003286296,,0.6886082188944317,1270.6673506860625,-0.0,-4.0,,34,0,,-1.6999999999999886,1.0,0.9762807538876928,4.0,6.475704452820423,-0.5,-0.6316842266694493,2.9562566951335643,2.6417042041696703,1.5092259276572497,2.3312969527554115,2.1048444764789047,2.812078842494038,2.7756008571694495,0.830741178350303,0.6022357564045728,0.3100926028615229,0.4232434869350565,0.32174440562050677,0.7197080488385047,0.6851435478448249,2.5659934604594903,"[{'hour_utc': 18, 'regime': 'radiative',",0.9948869877144676,0.9504853896131522,0.994964849880045,1.6731245744238796
1.1103062019186154,-2.928235211374158,-3.0059853975917576,-1.0,LBSF_CDRY_2025-01-20,CDRY,0.84,0.5958823529411764,0.43,-0.06035098630098901,2025-01-20,CN,False,,LBSF,,0.12678541091929674,5.100630923305005,1.850160219949771,3.5735350289801886,,5.148503388687857,,3.8782318148445167,2.2598660069773118,3.992652238913075,4.107072662981634,,3.479602566257191,,0.9540283831954521,0.3480511729307688,0.861788427442491,0.7695484716895297,,0.5713744143232313,10000.0,-3.0,-4.0,,34,0,,-2.7281720564537295,-0.28172056453723826,5.100630766537108,2.4365588709255235,4.440385421910037,-1.6408602822685907,5.1475163555942345,2.9562566951335643,2.6417042041696703,2.259865961848669,2.3312969527554115,2.936916803893507,2.812078842494038,3.479318429877124,0.8966876900584286,0.6611314579226079,0.3480511715607295,0.4730891248225897,0.5217497938833415,0.7827675965449553,0.5713746941247633,2.9859300507978284,"[{'hour_utc': 18, 'regime': 'radiative',",0.9255420042747183,0.9201974724972206,0.9748649939406705,0.3346249148847759
1.2663163376519586,2.3923328964912116,-2.453973091765306,2.6000000000000227,LBSF_CDRY_2025-01-26,CDRY,0.89,0.6617647058823529,0.06,-5.5101023520422245,2025-01-26,CN,False,,LBSF,,5.83668115631059,8.76031286016763,6.048319568744375,6.247495928642252,,5.8399692511147805,,5.164980782578257,1.400992289526902,5.039115073520293,4.91307291006729,,4.649577865615433,,0.8433228148133303,0.16704875066959854,0.8014019660789091,0.7601674092197319,,0.7220785034338151,810.4493003159871,5.0,1.0,,34,0,,3.280646301384479,5.806463013844677,8.760312853401615,8.612926027689298,11.006303394573195,4.403231506922339,6.2920882482432035,4.277832266851423,3.8226606290601683,1.4009922874433949,3.3734873398086536,3.0633918566205143,4.0692004130134185,4.473793105957001,0.837350975673914,0.6190980587685877,0.16704875049934603,0.4443061234965377,0.3421153249135274,0.7318834802232276,0.6823542770191537,4.320770950487585,"[{'hour_utc': 18, 'regime': 'radiative',",0.9335871119856934,0.902484735485025,0.994927630693378,1.3384996595391037
0.9133332016831768,2.047131774843888,-3.2248748802585396,3.3999999999999773,LBSF_CDRY_2025-01-27,CDRY,0.81,0.21823529411764706,0.0,-7.284874880258542,2025-01-27,FA,False,,LBSF,,8.093198929598202,7.566922165444964,9.264644509956895,10.119889707853133,,9.134355790018219,,5.227713351667672,2.2155319439398213,4.823024185225993,4.4417096853499105,,3.878380474209679,,0.7339263094267408,0.2862613151764494,0.6211515526512231,0.5253803214722895,,0.4788152878852973,580.9686476836595,8.0,3.0,,34,0,,4.300000000000011,7.0,7.56692215478364,10.0,12.624251654067848,5.5,9.230543005764332,4.5981087150422795,4.108858813504856,2.2155319417627704,3.626056351106426,3.255204981257147,4.37385679450714,3.8327182337984915,0.8372488984213782,0.6124290227785335,0.28626131510832964,0.4345156462802858,0.3239043252636939,0.7282836119213031,0.4710671952373148,4.411462191663144,"[{'hour_utc': 18, 'regime': 'radiative',",0.9937398239291397,0.9447852601743026,0.9949493597234845,1.3384996595391037
2.394704368781464,3.1869487978016195,-3.5452589120873768,5.100000000000023,LBSF_CDRY_2025-02-01,CDRY,0.86,0.24941176470588236,0.63,-7.605258912087379,2025-02-01,CN,False,,LBSF,,,2.3940877758738566,8.2109182837832,7.844698769796366,,6.526938597157539,,,4.021674407686248,3.8153345465176143,3.8852715014693358,,3.9060237328785177,,,0.755626074219614,0.5249666207943771,0.5414866253279782,,0.5823146881866433,10000.0,8.0,-1.0,,34,0,,4.300000000000011,7.0,2.394084058620251,10.0,11.992510110701176,5.5,6.525484678727992,3.9776501238453505,3.554418662420594,4.021674627079608,3.1367646351060285,2.9651851423949207,3.7836583258763623,3.9061095435564326,0.7242723891127626,0.5297892302311469,0.7556262630535909,0.37588310292275096,0.31646734416174344,0.630010647642068,0.5823819355616269,4.017888787466831,"[{'hour_utc': 18, 'regime': 'radiative',",0.8674427583311392,0.7938580484842224,0.9663568528915576,1.0038747446543277
1.3001052183283301,-6.043258005620634,-12.426192284379795,-1.8000000000000114,LBSF_CDRY_2025-02-10,CDRY,0.08,0.01764705882352941,0.0,-9.462808568239495,2025-02-10,FA,False,,LBSF,,,-5.10400188280272,-0.8814059984377423,-1.2070360410172043,,-2.2367402258454376,,,1.4727471144083202,1.9642058082714313,1.9001681148085763,,2.1477964454662635,,,0.47822635204979885,0.5147276138673091,0.5037148332656545,,0.6003880824587684,848.2967022454276,2.0,-10.0,,34,0,,-2.8169185807015538,-1.1691858070155376,-5.104001887808579,0.6616283859689815,1.595794911252483,-2.084592903507769,-2.2374761643526426,2.0124313884260756,1.7983044139619768,1.4727471144523696,1.5869992502566246,1.5101220254767576,1.9142844391654636,2.147802921388136,0.6144433345874935,0.4803564367017295,0.4782263522464395,0.3660599833387984,0.32961836348517826,0.5506536387863024,0.6004173056197717,2.0235240219403074,"[{'hour_utc': 18, 'regime': 'radiative',",0.9488000826057935,0.7992800724814829,0.9949767213809434,1.3384996595391037
1.3524544198750144,-6.243380544422246,-13.318641192673397,-2.1000000000000227,LBSF_CDRY_2025-02-11,CDRY,0.03,0.0029411764705882353,0.0,-10.341233078374557,2025-02-11,FA,False,,LBSF,,,-6.741081322188222,-1.789095110397625,-2.4166281991928145,,-3.9082377417094563,,,2.073135160296749,1.9624610884236156,1.9180612492209985,,1.8325132041209733,,,0.764811874518922,0.5511103865421907,0.5572472834383295,,0.5805431226940013,906.0442013730312,0.0,-11.0,,34,0,,-2.88704057149414,-1.8704057149413416,-6.74108183865593,-0.7408114298826263,-0.14681639605203145,-2.4352028574706424,-3.90871864818439,1.717779689104853,1.5350044371275164,2.0731350800779396,1.3546378362496176,1.3096751820375476,1.6340030727919796,1.8324385087538524,0.5272215907837101,0.43182692449623444,0.7648118713839047,0.3461750289467382,0.32373236919532206,0.4824309883304712,0.5805411409808128,1.7350218194784812,"[{'hour_utc': 18, 'regime': 'radiative',",0.8500813643089586,0.6976886429839257,0.994979951022761,1.3384996595391037
2.5177959944785773,-1.3193652672504868,-7.020415567272494,-0.10000000000002274,LBSF_CDRY_2025-02-13,CDRY,0.88,0.4729411764705883,0.01,-7.080415567272496,2025-02-13,FA,False,,LBSF,,2.8674065170753806,-0.03636993219078022,2.707728334090234,2.4765718086380843,,0.965909734885031,,3.848130778235531,3.4912987432078295,3.7896817229031186,3.739666423784464,,3.7633309166822717,,0.7739894236294449,0.7732935606562751,0.7614610637599788,0.7547083276337444,,0.8259120036153398,637.2998226631481,4.0,-3.0,,34,0,,0.30000000000001137,3.0,-0.0363699430122324,6.0,8.470150028040223,1.5,1.223900729046136,3.1867320242804396,2.8476563468692793,3.4912987408380096,2.5130490807684778,2.296217184164327,3.0313137572000324,3.7011496733239206,0.7731892453206128,0.5622509174177297,0.7732935607495477,0.396440073936927,0.3085077058007623,0.6707811596119622,0.8066988831946598,3.2069042837325563,"[{'hour_utc': 18, 'regime': 'radiative',",0.9601555482519492,0.8790680170611213,0.9948323029611577,1.3384996595391037
1.6207458621825064,1.3510152442740377,-5.038416711969035,5.300000000000011,LBSF_CDRY_2025-03-20,CDRY,0.81,0.18411764705882352,0.0,-10.084448951334707,2025-03-20,CN,False,,LBSF,,,2.4348390862365363,7.985390503901783,7.5287056574488815,,6.314853099835943,,,2.2199582037222183,2.4371448810873146,2.336377507689057,,2.4217448171810494,,,0.4152154645178142,0.3405828136569065,0.3328569069153291,,0.36722756435771353,10000.0,12.0,-8.0,,34,0,,5.230161196828249,7.301611968282771,2.4348362413134055,9.603223936565598,11.138822250408111,6.150805984141414,6.313852712327503,2.539491259933122,2.269283716908029,2.219958261403245,2.002637026287968,1.8503686492096199,2.415639297416532,2.421765100111966,0.4330664215328732,0.3312551075197013,0.4152155506248673,0.2465525728648735,0.20672634176419394,0.3843345255833975,0.3672533334903129,2.5649813283880905,"[{'hour_utc': 18, 'regime': 'radiative',",0.7222751247828503,0.5869896183551491,0.9267145548211253,1.3384996595391037
3.7341940503193056,22.781470868073757,19.902657925761048,25.100000000000023,LBSF_CDRY_2026-07-20,CDRY,0.15,0.025882352941176467,0.0,-0.1573420742389544,2026-07-20,CN,False,,LBSF,,25.938109891447425,18.957367965438777,25.321381960046153,24.67808542149845,26.24647385714809,23.090381463410665,,10.283247500489754,9.824771186693091,10.16071871056215,10.027889406241176,10.344511895453557,9.64549163447438,,0.4498114817942082,0.5991696039787703,0.45626865892214524,0.46303723469805164,0.4465828932302397,0.4801035709268502,10000.0,30.0,11.0,,35,0,,20.30000000000001,23.0,18.957361221358553,26.0,28.557920051999417,21.5,23.505921351985023,12.780961688131832,11.421034522036711,9.824773990620765,10.079028765040105,9.005223970004733,12.157627318873072,9.535985478793592,0.7985079942166302,0.5955884727755076,0.5991699483741522,0.43123112528210417,0.3266945536538995,0.7007273541634887,0.46550342494609465,11.815421573709942,"[{'hour_utc': 18, 'regime': 'dynamic', '",0.8196225330518196,0.6373723186251607,0.8196225330518196,2.6769993190782073
2.8398080363161777,19.68757313366882,13.189436802566547,20.0,LBSF_CDRY_2026-07-23,CDRY,0.6,0.1652941176470588,0.55,-7.812335698927939,2026-07-23,CN,False,,LBSF,,20.509759054297263,12.340988453433056,19.87266233635762,19.071995742375236,20.828307413267055,17.195353994410254,,6.47514094650612,6.293166823240792,6.180029478709254,6.059394668659447,6.622696680404553,6.107342604536824,,0.39522899781818616,0.5890789152546568,0.38825727123741843,0.3967444408616988,0.3987148611085701,0.4407023596750284,10000.0,23.0,8.0,,35,0,,21.008862507472315,21.088625074723325,12.340988453227737,21.17725014944665,21.09367113299112,21.044312537361634,17.19535060410243,6.544373533644215,5.848035892178182,6.293166822842892,5.160874736081761,4.664292582667987,6.225201157831847,6.107336035126946,0.3909050653081235,0.34384398963832224,0.58907891522613,0.29816713508372894,0.268921469410697,0.3692423857582799,0.4407019868110965,6.61006264783409,"[{'hour_utc': 18, 'regime': 'radiative',",0.4784356306498406,0.4308128777904023,0.6798728108530641,1.3384996595391037
0.766638903794644,-7.83756753542292,-11.677822642970625,-1.6999999999999886,LBSF_CFOG_2024-01-10,CFOG,0.93,0.46470588235294114,0.0,-4.734746572076631,2024-01-10,HIT,False,,LBSF,,,-4.897995545657011,-3.593333333333362,-4.259999999999991,,-4.120370370370381,,,0.7179442500162319,2.0597261761409547,2.199922294357391,,1.5947719133974025,,,0.2295827244380084,0.663354094929165,0.7344740754258852,,0.516155968718843,807.0463937424498,-5.0,-8.0,,34,0,2.0,-6.715380354470085,-4.153803544700963,-4.897995692900963,-1.3076070894018699,0.253511986108208,-5.576901772350482,-4.121550692103767,2.1760695372294356,1.9445310296184082,0.7179442593576264,1.7160437856488535,1.6607118269959609,2.0699418612780462,1.594846794925866,0.8930008358206201,0.6488213298152653,0.2295827321433829,0.4570739995748965,0.41028754348200536,0.7744260213359816,0.5162479544150703,2.1503497227744406,"[{'hour_utc': 18, 'regime': 'radiative',",0.994296227796791,0.9635207102180685,0.9949322397462366,1.3384996595391037
1.925534532489788,10.010330001037142,6.9551398336476495,6.100000000000023,LBSF_CFOG_2024-01-18,CFOG,0.91,0.6970588235294117,0.46,-7.024860166352369,2024-01-18,MISS,False,,LBSF,,,6.110844651081663,10.322558180309954,9.911081297536498,,8.979553374153227,,,5.184527337103535,6.838374939205107,6.70191929717658,,6.2715074170904055,,,0.7313247598926077,0.7953667869007371,0.7918039266665948,,0.768441911046599,10000.0,13.0,5.0,,34,0,,13.899999999999977,13.0,6.110844745038776,12.0,10.945123064595123,13.5,8.980832501055886,5.846894926488384,5.224770859158788,5.184527310617013,4.610845274952861,4.332912865380518,5.561738983745443,6.2711468310133744,0.537830451237683,0.5046180750542119,0.7313247517640122,0.4703253566555873,0.4722801778835681,0.5227833569883947,0.768330060504595,5.9055830922078805,"[{'hour_utc': 18, 'regime': 'radiative',",0.7992441031862939,0.7131461967362032,0.8552598279008935,1.6731245744238796
2.0640629779299693,-8.038561294511089,-9.612912534176758,-0.19999999999998863,LBSF_CFOG_2024-01-21,CFOG,0.93,0.6470588235294119,0.0,-1.6189125341767294,2024-01-21,MISS,False,,LBSF,-6.06919939346119,-3.486522877592904,-4.157778598710934,-1.7063743421821869,-1.94956816264164,-4.921343164186396,-2.5707945619506063,1.9004441822822309,1.9232288639252557,0.6333101012403475,1.9050707680708017,1.806174484461358,1.9105707074569085,1.505615709868222,0.7639282268654176,0.635381312610424,0.19159818194979666,0.5337756678066127,0.5087293628615829,0.7067962649743094,0.43235929050337996,10000.0,-4.0,-7.0,,34,0,,-7.970000000000027,-7.699999999999989,-4.157779799365471,-7.399999999999977,-6.654704134930057,-7.850000000000023,-2.571192849290469,1.9606661401774574,1.7520471254545982,0.6333101625525676,1.546177336426901,1.4113117403657593,1.865043811864794,1.50563604867473,0.9100345622085195,0.7870966806172137,0.1915982346783875,0.6699116376056619,0.5692981004498227,0.8531831253105,0.43237947911621655,1.980346245724326,"[{'hour_utc': 18, 'regime': 'radiative',",0.9401635846797338,0.9250764381878304,0.9725274291991169,0.6692498297695518
0.9850154623812456,6.540862609047042,1.5671431041956794,7.300000000000011,LBSF_CFOG_2024-03-02,CFOG,0.9,0.4576470588235294,0.2,-5.438856895804292,2024-03-02,HIT,False,,LBSF,8.61347579333085,8.26637252023039,2.1790949025862574,7.880702216785437,7.264604960925226,8.459207671952868,5.838222471617371,5.753459686478983,5.660697113738974,4.553627178447548,5.557627588472294,5.320830313205814,5.7122318763723126,4.867018449875413,0.7765051712380553,0.7737395693087938,0.8522218463368456,0.770666678276281,0.7595333241684948,0.7752760148250502,0.750529379094823,494.6008452104827,9.0,6.0,,34,0,3.0,7.029999999999973,7.300000000000011,2.1790948881863414,7.600000000000023,7.792119992647258,7.149999999999977,5.838049223774533,6.104673860018222,5.455121430301515,4.553627182193968,4.814128940494909,4.320832323172961,5.806945890335441,4.867063523719814,0.918199110586614,0.7964200678081353,0.8522218479066349,0.6799813657925657,0.5954684115443835,0.8619278606807591,0.750545106617524,6.073406580791255,"[{'hour_utc': 18, 'regime': 'radiative',",0.9635623788984733,0.9459200538755773,0.9945919478879887,0.0
2.7750592754786485,11.45923644255513,7.418581184855611,11.899999999999977,LBSF_CFOG_2024-10-07,CFOG,0.81,0.2535294117647059,0.0,-5.607989400490965,2024-10-07,MISS,False,,LBSF,,14.167448185852663,8.299996646012175,14.017828262747969,13.833399292271224,,12.37385786699474,,7.089424217970838,6.1460151058072015,6.7712821195212385,6.466312268902803,,6.269102999709083,,0.6566547594934785,0.757636685847838,0.6258933846377174,0.5977441793497401,,0.6232937485643472,10000.0,16.0,6.0,,34,0,,13.132852926732994,14.328529267330055,8.2999966435072,15.65705853466011,16.717904539690835,13.664264633665027,12.682881516868349,6.544373533644215,5.848035892178182,6.14601510464341,5.160874736081761,4.656905196730352,6.225201157831847,6.075223793736451,0.6507958905210594,0.5314977674571583,0.7576366858348459,0.42470470367922897,0.3553920383198836,0.5947393277269347,0.5973273040353766,6.730105073188836,"[{'hour_utc': 18, 'regime': 'radiative',",0.8029475583638293,0.75093051244241,0.9492721194367376,0.6692498297695518
2.2043818067314667,12.372138289498661,7.726116568189241,13.399999999999977,LBSF_CFOG_2024-10-12,CFOG,0.75,0.5517647058823529,0.75,-5.2836508466991745,2024-10-12,MISS,False,,LBSF,,13.201576609607457,6.459072981659176,12.469144775097448,11.751442577938008,,10.613904183375553,,7.2925501542690405,6.714367902231668,7.270115713795374,7.240122804381915,,7.027287946994765,,0.720190216273995,0.9392197608185137,0.745054070889913,0.7684655865632518,,0.7859190970711034,10000.0,16.0,8.0,,34,0,,13.048837074442076,13.488370744420934,6.459072980623034,13.976741488841867,14.28829149581884,13.244185372210495,10.844514548560937,7.012217771518882,6.26610026200299,6.7143679017650415,5.529815247533135,5.001905517176215,6.670228362981341,6.823808125159955,0.7012084504013146,0.601980696175561,0.9392197608211393,0.5081506959750295,0.4472044731856593,0.6552277079499349,0.7567135738022314,7.17982729466708,"[{'hour_utc': 18, 'regime': 'dynamic', '",0.8168602447931379,0.7528595262465172,0.9647530095060289,3.6808740637325346
1.0594168157114134,9.908546028787214,5.861593932236417,13.0,LBSF_CFOG_2024-10-13,CFOG,0.83,0.4358823529411765,0.0,-5.198406067763585,2024-10-13,HIT,False,,LBSF,,14.409022686600167,9.351994619875484,14.548364326516548,14.516190230144161,,12.989444706937263,,7.606657882001076,5.758855066526575,7.178235717421656,6.859324503398647,,7.155227022202022,,0.6931020708062626,0.6589248799256386,0.6407550185537347,0.6056126601274344,,0.6820205958984582,512.2414029453494,15.0,8.0,,34,0,-0.5,11.300000000000011,14.0,9.351994611619602,17.0,19.5104625625076,12.5,13.272026625197952,7.509798872323542,6.710737413653369,5.758855066044759,5.922206156638631,5.347668463179949,7.143542147142189,7.069655006283112,0.8441087146096986,0.6232407354977098,0.6589248802461617,0.4465443918287292,0.34258792236388397,0.7373487162190434,0.6671369248976617,7.438457995660367,"[{'hour_utc': 18, 'regime': 'radiative',",0.9741025539772704,0.920132562622055,0.9948111338119793,1.0038747446543277
1.1181223653259205,4.399333111593284,-1.5900827989308937,8.199999999999989,LBSF_CFOG_2024-10-21,CFOG,0.81,0.22529411764705884,0.0,-7.650082798930896,2024-10-21,HIT,False,,LBSF,,,9.574484565526234,12.065622963002625,11.916578921052121,,11.262008410815554,,,1.8441453005212214,5.103059858320683,5.08461618427698,,4.783495157083321,,,0.2086060693500777,0.5433338050771012,0.5402031852998386,,0.5177321625447704,686.3974962339696,13.0,3.0,,34,0,0.0,6.300000000000011,9.0,9.57447952289101,12.0,14.516729292471439,7.5,11.26069411013043,4.939658739534665,4.4140670092961,1.8441452119304413,3.895401638535631,3.602454969832757,4.698749227743237,4.783472066989126,0.7816784487914035,0.5733802601803564,0.20860622860253208,0.4080100034257525,0.31881902224247005,0.6808017845057951,0.5177770244569567,4.859435337293561,"[{'hour_utc': 18, 'regime': 'radiative',",0.9455656625103916,0.8809574991063741,0.9949587982224531,0.6692498297695518
1.770552461873055,5.390486522726337,0.9903266361667988,9.699999999999989,LBSF_CFOG_2024-10-25,CFOG,0.81,0.12823529411764703,0.0,-8.059510094367397,2024-10-25,HIT,False,,LBSF,,,9.007031108909928,12.431817827437726,12.397153810810778,,11.683975089404953,,,4.051368472000031,5.345957912545416,5.040733136972579,,4.316194856678753,,,0.47955755118677706,0.553200120118511,0.516495715641441,,0.45172140239132785,711.256467688006,14.0,3.0,,34,0,-6.0,9.249183652670979,11.49183652670979,9.007027510251532,13.98367305341958,15.756154296788509,10.245918263354895,11.682875747990863,5.303722477599632,4.739393399809364,4.051368268619363,4.182501170492614,3.8819277464367685,5.045057367784355,4.31613272663877,0.6849199432340389,0.5200928156888274,0.47955763276011454,0.3840540032647093,0.3187241899682553,0.6058673978826484,0.45175148291634515,5.1867029680674985,"[{'hour_utc': 18, 'regime': 'radiative',",0.9925500340670964,0.8831738358230803,0.9948882688124108,2.0077494893086554
0.6510447937355385,6.345844706831997,1.3245519839153985,10.300000000000011,LBSF_CFOG_2024-10-30,CFOG,0.81,0.20058823529411765,0.0,-7.735448016084604,2024-10-30,HIT,False,,LBSF,,,6.566386140218185,12.558118202828666,12.113898475670112,,10.531271042291507,,,4.65039152504359,6.002264744760802,5.86133910619722,,5.693944986738353,,,0.6481292659500842,0.613930724487318,0.6102131631329419,,0.6440622734224526,615.6346446561025,13.0,6.0,,34,0,-3.5,9.300000000000011,12.0,6.566382386470195,15.0,16.628727727793148,10.5,10.52985869303825,6.104673860018222,5.455121430301515,4.650391573232111,4.814128940494909,4.588425682686111,5.806945890335441,5.693963117689565,0.7856428668451894,0.5785998968293922,0.6481294389892112,0.4134587004249543,0.36394301489056236,0.6854905393147881,0.6441219093484256,5.80867498150746,"[{'hour_utc': 18, 'regime': 'radiative',",0.9878049649687768,0.9188507636750535,0.994926676218998,1.3384996595391037
1.085347881502232,1.5674312767094989,-5.746056573981946,1.8000000000000114,LBSF_CFOG_2024-11-16,CFOG,0.95,0.6623529411764705,0.76,-9.726464175108504,2024-11-16,HIT,False,,LBSF,,2.8774958531860193,-2.5921654266641667,2.1944317134581866,1.5113675737303538,,-0.30036133962966005,,3.6579726753323243,2.77218430524979,3.696449662124577,3.734926648916829,,3.766897725816653,,0.7368056159080618,0.7517580947239133,0.7729833224498871,0.8091610289917124,,0.9086266890953942,654.4933909144423,5.0,1.0,,34,0,-5.0,3.9020380056327326,3.02038005632744,-2.592165423391293,2.0407601126548798,1.4280364506699925,3.51019002816372,-0.3000879542359485,3.9776501238453505,3.554418662420594,2.7721843064359954,3.1367646351060285,3.5484651239601024,3.7836583258763623,3.76699681035078,0.744894590640939,0.7008340686285058,0.751758094857295,0.6552571664796403,0.771194851662609,0.7249420258345343,0.9086322027026085,3.8986347102947336,"[{'hour_utc': 18, 'regime': 'radiative',",0.9707109933961247,0.8674028790577692,0.994944654248735,1.3384996595391037
1.7190578579214824,-1.0858741973403312,-5.914608727021061,0.6999999999999886,LBSF_CFOG_2024-12-19,CFOG,0.93,0.7758823529411766,0.57,-6.920608727021033,2024-12-19,HIT,False,,LBSF,3.282318308992103,5.364426514556669,6.508055071753688,7.677880076295082,7.850729340657836,4.207699733687434,7.075132560527322,4.800870888749799,4.612173955818181,2.60628482809499,4.4025106970052725,4.3275687800489555,4.717005585224636,4.111128439049681,0.9422752104782776,0.7929254801585692,0.35917088175164597,0.6269813353588933,0.5939369243036345,0.8758975525584073,0.5817302187359306,651.6117108416795,4.0,2.0,,34,0,-1.5,1.0299999999999727,1.3000000000000114,6.508055052872635,1.6000000000000227,2.140291918746186,1.1499999999999773,7.074893678705621,3.6964410821784655,3.3031310088041366,2.6062848187838648,2.9150040591317548,2.683394831772414,3.5161640110071732,4.111010635228961,0.8504560970172387,0.7368833290596357,0.35917088096875166,0.6284157097764641,0.5460616352352028,0.7979613727674,0.5817235510433327,3.5041849986881273,"[{'hour_utc': 18, 'regime': 'radiative',",0.9949915630773355,0.9411455895332675,0.9949915630773355,1.3384996595391037
2.151846593176926,-3.8190718861419213,-8.638147154602109,-1.0,LBSF_CFOG_2024-12-30,CFOG,0.84,0.7705882352941176,0.49,-5.698147154602111,2024-12-30,HIT,False,,LBSF,,,3.483602518839348,3.685447451976131,5.07658462731996,,5.432415661676032,,,3.3222659204946297,3.856618489005969,3.675741667231586,,3.5286504829478464,,,0.5767959067821496,0.7367494540646666,0.6289608408026715,,0.5679880134454929,560.5308474480754,-2.0,-2.0,,34,0,0.0,-2.6999999999999886,0.0,3.4835973492447465,3.0,5.771364005412863,-1.5,5.430699420714859,3.1867320242804396,2.8476563468692793,3.3222652617518764,2.5130490807684778,2.4067487171404736,3.0313137572000324,3.5284317885661327,0.9645779280594874,0.6981519163428432,0.5767960062061563,0.48982811774658364,0.3817245985245214,0.8350614286097391,0.5680214278512046,3.0207763452570844,"[{'hour_utc': 18, 'regime': 'radiative',",0.9947191349635336,0.9943207956952713,0.9947477026940016,0.6692498297695518
1.2171128658643398,-2.9825600426029837,-3.826409477410266,-1.3999999999999773,LBSF_CFOG_2025-01-01,CFOG,0.89,0.8194117647058823,0.63,-0.8864094774102682,2025-01-01,MISS,False,,LBSF,,,5.7869353346497405,3.8874237647214045,4.627411373298401,,5.966534375577908,,,1.6092935827389152,3.940136547682955,3.7424769231116204,,3.0346587071613467,,,0.23769368360368454,0.7378669271329367,0.6572517805583779,,0.476120651814817,10000.0,-3.0,-3.0,,34,0,,-2.6999999999999886,0.0,5.786929262087597,3.0,5.676309333943095,-1.5,5.964678736863391,2.9562566951335643,2.6417042041696703,1.609292581731615,2.3312969527554115,2.2627346505141293,2.812078842494038,3.034352821793794,0.8948163623561718,0.6476592073885461,0.2376937034309089,0.4544021073838607,0.3628227155925367,0.7746669476130692,0.47614833983982474,2.9859300507978284,"[{'hour_utc': 18, 'regime': 'radiative',",0.9250667668790709,0.9239236325050808,0.9598177151079731,0.0
0.9001189839119567,1.9586383156513194,-2.537155102201666,4.699999999999989,LBSF_CFOG_2025-01-31,CFOG,0.87,0.5958823529411764,0.13,-7.597155102201668,2025-01-31,HIT,False,,LBSF,,,3.924888447886076,9.626576733409081,9.431042213425144,,8.058279967282601,,,4.1580768841223525,5.441327632829173,5.441199476861001,,5.126498760481142,,,0.6974275967294965,0.6782470119306011,0.6789648120552944,,0.6854367730008403,600.9400172381821,6.0,4.0,,34,0,-7.0,5.300000000000011,8.0,3.9248845787708433,11.0,12.88043932976666,6.5,8.056599581314003,5.303722477599632,4.739393399809364,4.158076826831154,4.182501170492614,4.070688558594704,5.045057367784355,5.126473878480756,0.9000603239326282,0.6593027938674685,0.6974277725718272,0.4684679204730216,0.4105429849349892,0.7834174977775401,0.685511520358631,4.547787064647488,"[{'hour_utc': 18, 'regime': 'radiative',",0.9947383420977273,0.9737898241557998,0.9947784985348397,1.3384996595391037
2.208125227203084,3.6552844490675964,1.816925483405953,4.0,LBSF_CFOG_2025-02-02,CFOG,0.95,0.8017647058823529,0.56,-2.203420916973414,2025-02-02,MISS,False,,LBSF,,4.893185766229351,2.363264406940914,4.187120924656256,3.4889118117366706,,2.8623549939409827,,5.252812866428687,3.8995230972603907,5.234065045300465,5.212776770803384,,4.921235791660866,,0.9164146212906724,0.7276838449181886,0.9484884601321562,0.9795570461178921,,0.9431794382260772,10000.0,5.0,3.0,,34,0,,4.101732001896835,5.017320018968405,2.3632644040172863,6.034640037936811,6.824226862136015,4.508660009484231,3.1655370308419606,4.5981087150422795,4.108858813504856,3.899523095551499,3.626056351106426,3.290348625469792,4.37385679450714,4.746452983327255,0.8490181225724294,0.7032987991317315,0.7276838447543008,0.5708090751742634,0.48770464894383464,0.7808161225152604,0.8984643031524479,4.809088256909311,"[{'hour_utc': 18, 'regime': 'dynamic', '",0.9597316130069933,0.9177759970083612,0.9861387843493713,3.3462491488477593
1.1894252279602933,-5.149511132293265,-8.304635541674259,-1.5,LBSF_CLDY_2024-01-09,CLDY,0.94,0.45764705882352935,0.71,-1.7562921414240122,2024-01-09,CN,False,,LBSF,,,-11.714157786732812,-7.3498008205176575,-8.327187918404718,,-10.162444298349158,,,1.631825668756128,1.504680651789704,1.4765321689922115,,1.4860796340276174,,,0.8840008296641385,0.6431913505190511,0.6718615606581047,,0.7619189266896623,10000.0,-5.0,-9.0,,18,0,,,,-11.714157786732812,-7.3498008205176575,-8.327187918404718,,-10.162444298349158,,,1.631825668756128,1.504680651789704,1.4765321689922115,,1.4860796340276174,,,0.8840008296641385,0.6431913505190511,0.6718615606581047,,0.7619189266896623,1.527762407683648,"[{'hour_utc': 18, 'regime': 'radiative',",0.6196817782050272,0.5580016666164798,0.7100274278755028,1.931837777011514
2.299650245321076,-3.5997056547796094,-9.987861078551077,-1.8000000000000114,LBSF_CLDY_2024-01-12,CLDY,0.91,0.5670588235294117,0.89,-5.024393271137626,2024-01-12,FA,False,,LBSF,,-3.6427225970110158,-9.196785172946818,-4.622999377606391,-5.471043722069169,,-6.247701216126018,,2.277272642788333,2.1356763948740483,2.255876290999537,2.2369622489840775,,2.216889482764112,,0.7382480565901088,0.9430729131873157,0.7780177595232906,0.8111295868396918,,0.831547752739979,981.6719185020075,-4.0,-7.0,,34,0,,-4.8173390370672,-3.1733903706721662,-9.196785183450913,-1.3467807413442756,0.07238268765718203,-4.086695185336055,-6.247788640476472,2.3515087895242295,2.101303080047737,2.1356763954833604,1.8543946345645725,1.675509977568271,2.236824840273258,2.2168945539866773,0.8346239149538671,0.6513492318378379,0.9430729142355309,0.4954300020306187,0.4035432475856504,0.7473910828413345,0.8315552134593527,2.375111982059041,"[{'hour_utc': 18, 'regime': 'radiative',",0.8532351664066073,0.7711635818328115,0.9949233197644367,2.342374404193431
2.123709587106229,-1.7377179824152222,-2.7633009578891574,-0.5,LBSF_CLDY_2024-01-15,CLDY,0.98,0.5841176470588235,0.04,-2.7978519734008955,2024-01-15,CN,False,,LBSF,,,0.8783447509325129,2.7034134012026243,2.68698837838366,,2.315786248357881,,,3.445731486593997,2.6271248530559874,2.6600325142516774,,2.8381156858570393,,,0.7040548169558993,0.5189126067731273,0.5194892074641534,,0.5560733824076679,10000.0,1.0,-2.0,,34,0,,0.17275507755857689,1.7275507755856552,0.8783446438499709,3.455101551171367,4.801308265579451,0.8637753877928276,2.314596045809367,3.273318598067181,2.925029879500327,3.4457315143972673,2.581330983657405,2.3401258584493476,3.113677453952683,2.8384247140291134,0.7803277676256221,0.6159195959507109,0.7040548275498942,0.47426215144908285,0.3884353333084072,0.7023247675204856,0.5561775692059647,3.2555217613910843,"[{'hour_utc': 18, 'regime': 'radiative',",0.9558025592023323,0.8961431127706504,0.9558025592023323,1.0038747446543277
2.9929808183039484,7.332109980644191,0.5236973669780127,6.100000000000023,LBSF_CLDY_2024-01-19,CLDY,0.96,0.6852941176470588,0.03,-10.482302633021959,2024-01-19,HIT,True,SNOW_DOMINATED,LBSF,8.489856792115233,10.292429515793742,6.613926681040084,12.17328632399665,11.736109432619457,9.29100022486125,10.601718984080321,5.940728000390659,5.53639353509582,4.37222765427006,5.097006298566231,4.845211390865464,5.761023793592953,4.516412499687438,0.8106299652069349,0.6726642119174056,0.5998719781178425,0.5261446939516545,0.5083646818600267,0.7493118526338107,0.5008596979185921,525.9797266870061,13.0,5.0,,34,0,-7.5,11.029999999999973,11.300000000000011,6.613926714647562,11.600000000000023,11.834700872705753,11.149999999999977,10.602184426117901,6.104673860018222,5.455121430301515,4.372227656846334,4.814128940494909,4.305761247132139,5.806945890335441,4.516448179439841,0.6986975649350194,0.6064191391138439,0.5998719771127115,0.5181253687954828,0.45060206242212697,0.6560655166761528,0.5008482873799613,6.028098105573813,"[{'hour_utc': 18, 'regime': 'radiative',",0.9901403418586615,0.8959890126385937,0.9946549884406999,1.6731245744238796
3.320309961945855,-7.3695797477538125,-8.122558995228246,-0.8999999999999773,LBSF_CLDY_2024-01-23,CLDY,0.84,0.5729411764705882,0.02,-0.18255899522824848,2024-01-23,HIT,False,,LBSF,,,-2.478988814714455,-0.11866456471568654,-0.015111838204745709,,-0.6902840122754696,,,1.7289251714924514,2.745886806970123,2.8348464354248772,,2.6472804836595176,,,0.46102192967627303,0.6802807743613856,0.6885369501024712,,0.6585953145973166,648.7446688545427,-8.0,-9.0,,34,0,-0.5,-7.699999999999989,-5.0,-2.478990511653933,-2.0,0.6095672503043374,-6.5,-0.6927546413674008,2.0124313884260756,1.7983044139619768,1.7289250334058026,1.5869992502566246,1.704161492599796,1.9142844391654636,2.6470794388392345,0.8912075130817011,0.6397126437558386,0.4610219757652252,0.4448837804912833,0.3942596560601271,0.7686674994957392,0.6586711756990536,2.03263108816813,"[{'hour_utc': 18, 'regime': 'radiative',",0.9208665914140263,0.8795276379898518,0.9947547235635779,1.0038747446543277
1.370559918507246,1.920685086814308,-2.2392673722270047,2.1999999999999886,LBSF_CLDY_2024-01-27,CLDY,0.69,0.6170588235294118,0.47,-5.227042791141059,2024-01-27,CN,False,,LBSF,,,-5.399998136673389,1.4238409384241777,0.4886415606317769,,-1.2794588183302267,,,2.496491498615102,2.7419009097201803,2.759996928906087,,2.8006996381308644,,,0.8293263075623291,0.6088449003058873,0.6469286238280242,,0.7289373518963123,10000.0,3.0,-4.0,,34,0,,2.9388770945701594,2.388770945701708,-5.399998135063129,1.7775418914034162,1.0034076581255817,2.694385472850854,-1.2792142228632315,2.9562566951335643,2.6417042041696703,2.4964914991651717,2.3312969527554115,2.222808865775392,2.812078842494038,2.8007831930232228,0.5928898530958125,0.5449270052346827,0.8293263076432168,0.49627093194641675,0.4981628019789327,0.5710608507023864,0.7289455221869078,2.899756265771105,"[{'hour_utc': 18, 'regime': 'dynamic', '",0.6368394055107595,0.6263739257294008,0.8054147220020585,3.0116242339629835
0.9701785487196515,0.49329168164681503,-1.069038116416266,1.0,LBSF_CLDY_2024-01-28,CLDY,0.91,0.54,0.73,-2.065559500734082,2024-01-28,CN,False,,LBSF,,,-5.8052834803563655,0.463156316208142,-0.234751994928331,,-1.732418655332026,,,2.646717996071368,3.202843969509807,3.156391524172458,,3.0556240416009777,,,0.9121669083356035,0.7656936963240113,0.7842296972921228,,0.8267083380956314,10000.0,2.0,-2.0,,34,0,,0.9826069215889675,0.826069215889845,-5.805283275809984,0.6521384317796901,0.37529930661855815,0.9130346079448941,-1.732350208921332,3.433139349784711,3.0678452792480013,2.646718171990962,2.7073651315761085,2.477418466375884,3.265703655632221,3.05568290877249,0.7925885603968823,0.7082953779548213,0.9121669451457878,0.625118742593117,0.5792373564310331,0.7539512891529615,0.8267194174551934,3.349975119791842,"[{'hour_utc': 18, 'regime': 'dynamic', '",0.8182175232641673,0.8020740108090528,0.8634356747824982,3.011624233962983
0.5679395172528738,6.366138421582628,5.095397570208775,6.399999999999977,LBSF_CLDY_2024-02-13,CLDY,0.94,0.821764705882353,0.77,-0.9106024297911972,2024-02-13,CN,False,,LBSF,6.448885725141054,5.7905210860736815,-1.3157709182042368,5.059004820443306,4.148459555683814,6.156279218888869,2.3823457469055143,4.42461483040484,4.400213268123082,4.008350016115656,4.3731004211433495,4.3817872210225906,4.413769691612947,4.357457820150391,0.6931095238036467,0.713776843795399,0.9663888555297758,0.7367405326751237,0.7790522245322697,0.7022949993555365,0.8562852823049494,10000.0,6.0,3.0,,34,0,,6.029999999999973,6.300000000000011,-1.3157709250012886,6.600000000000023,6.65192068990342,6.149999999999977,2.3822718840464177,4.939658739534665,4.4140670092961,4.0083500238172824,3.895401638535631,3.524427140783444,4.698749227743237,4.357541513054684,0.796469017793541,0.69071866352751,0.9663888578087866,0.5896243097228393,0.5282941019469493,0.7476019579568612,0.8563056712999789,4.762838188732519,"[{'hour_utc': 18, 'regime': 'dynamic', '",0.806603603652341,0.7511647216066396,0.806603603652341,3.6808740637325346
0.7365736927399988,4.694872675734371,-0.11631814943291374,5.100000000000023,LBSF_CLDY_2024-02-14,CLDY,0.77,0.4747058823529411,0.72,-5.123953788976905,2024-02-14,CN,False,,LBSF,,5.102389827631271,-2.5257856175020947,4.392290793468931,3.6648619141348036,,2.0407833143772223,,3.0058944336056617,2.9305611238038534,2.9336959847615853,2.8713679826667198,,2.843093987910463,,0.5156321602793484,0.7813905006626407,0.5225246907765019,0.5320643332000246,,0.5769918874457345,10000.0,6.0,-1.0,,34,0,,5.038178197720072,5.381781977200433,-2.5257856188722485,5.763563954400922,5.960263048611807,5.190890988600245,2.0967549282752884,3.433139349784711,3.0678452792480013,2.9305611255804624,2.7073651315761085,2.4293439368016068,3.265703655632221,2.8323307813171907,0.5933813672949869,0.5118584788532307,0.7813905012047822,0.4343723757068134,0.3811877887831305,0.5556543651983435,0.5733161790511448,3.2832716006915077,"[{'hour_utc': 18, 'regime': 'dynamic', '",0.6012164864453992,0.5817460201342091,0.7392964937548807,3.6808740637325346
0.7203656338895996,13.929258205646533,10.081819649040881,11.800000000000011,LBSF_CLDY_2024-02-24,CLDY,0.48,0.22411764705882353,0.36,-5.898180350959137,2024-02-24,CN,False,,LBSF,,12.935014615427463,6.486635882447445,12.89661747365858,12.587979793696888,12.954213186311904,11.105673970406997,,5.546947556009763,4.578690832422012,5.230336042024578,4.983331147946076,5.7052533130023555,4.718062927850616,,0.5556508848770301,0.6382928187643031,0.5189721768037721,0.49825442345240417,0.5739902389136591,0.5088751572136778,10000.0,16.0,3.0,,34,0,,15.899999999999977,15.0,6.486635894385358,14.0,13.00398534841105,15.5,11.105839030315451,4.939658739534665,4.4140670092961,4.578690829498397,3.895401638535631,3.5226372355864863,4.698749227743237,4.718022504522956,0.40946131835581506,0.3838864933896907,0.6382928178442002,0.3574938227747393,0.34187710183813014,0.3978728817521517,0.5088651956244511,4.989240512986127,"[{'hour_utc': 18, 'regime': 'radiative',",0.5099996848749224,0.47258033167203806,0.7138995348568132,1.3384996595391037
1.5098184062409037,7.475779836625736,7.005999999999972,8.699999999999989,LBSF_CLDY_2024-03-01,CLDY,0.97,0.6929411764705882,0.03,0.0,2024-03-01,CN,False,,LBSF,8.759184776595191,8.216684466386766,4.158127376944265,7.6139063439329675,6.8980567540154425,8.518073527613694,5.674164399890799,5.758062169162259,5.668462001044768,4.049722278846725,5.568906258691998,5.5179657724216975,5.718239872221152,5.3072917265015205,0.7690421946788687,0.7771447437086163,0.6600398506615734,0.7861475759638914,0.809123209317281,0.7726433275809788,0.8258808714460377,10000.0,10.0,4.0,,34,0,,7.029999999999973,7.300000000000011,4.1581273597763015,7.600000000000023,7.768781411218981,7.149999999999977,5.6739544326011355,6.104673860018222,5.455121430301515,4.049722282791969,4.814128940494909,4.351599273806092,5.806945890335441,5.30733997754864,0.918199110586614,0.7964200678081353,0.6600398520710288,0.6799813657925657,0.6014198091413777,0.8619278606807591,0.8259008315358366,6.1659494843520415,"[{'hour_utc': 18, 'regime': 'radiative',",0.9298687410291323,0.9003938906187233,0.9298687410291323,1.6731245744238796
0.4519639534657263,8.007380061535082,6.630884406073108,8.899999999999977,LBSF_CLDY_2024-03-04,CLDY,0.77,0.5511764705882353,0.0,-1.3751155939268642,2024-03-04,CN,False,,LBSF,9.390379792236047,9.14327071005141,4.076776791376801,8.868705063179561,8.103862652316536,9.280553533487307,6.734683117304712,5.3696477477197035,5.309439828652559,4.019228917938751,5.242542140800175,5.192326923961594,5.34288867257875,4.980499178177005,0.6868477823712097,0.6823671740653925,0.6557206601202983,0.6773887203922624,0.6989297813419578,0.6848564009019577,0.717172901847864,10000.0,10.0,5.0,,34,0,,8.029999999999973,8.300000000000011,4.076776773639551,8.600000000000023,8.772139570339448,8.149999999999977,6.734457998941025,5.303722477599632,4.739393399809364,4.019228917880454,4.182501170492614,3.8098531228648778,5.045057367784355,4.980498438290351,0.7445190283461222,0.6458814513563076,0.6557206609341717,0.5515523809499664,0.4916370903737115,0.6989430105817919,0.7171841492074358,5.417798624078616,"[{'hour_utc': 18, 'regime': 'dynamic', '",0.7872249298991695,0.7626826390398087,0.86650037347771,4.015498978617312
3.1167419525840843,2.8893658520950227,-4.461462048123735,4.699999999999989,LBSF_CLDY_2024-03-08,CLDY,0.95,0.4870588235294117,0.55,-8.471628055260794,2024-03-08,FA,False,,LBSF,,4.0929644477736815,-1.9245304455074006,3.2032588873092323,2.349146256735537,,0.8948833847842366,,3.8773814752516658,3.508273924574189,3.7572874297832706,3.660034234041671,,3.6275385303312366,,0.7137544940835437,0.8909866522894316,0.7276634194047258,0.7445182703246553,,0.7990648605848567,624.8037263831586,5.0,0.0,,34,0,,4.050830035685294,4.508300356852828,-1.9245304475291505,5.016600713705714,5.307090336761632,4.254150178426414,0.8948630522893382,4.277832266851423,3.8226606290601683,3.508273926446148,3.3734873398086536,3.0309640583392037,4.0692004130134185,3.627557356597922,0.792723632639565,0.6781944255683077,0.8909866528950087,0.5703072764951421,0.49839666108611463,0.7396007852116868,0.7990701848547015,4.278456637253619,"[{'hour_utc': 18, 'regime': 'radiative',",0.9421677927818669,0.8635565978026205,0.9947760155436026,1.0038747446543277
0.6563949739555501,6.126786641600608,2.8290644131694194,6.399999999999977,LBSF_CLDY_2024-03-14,CLDY,0.75,0.4335294117647059,0.75,-3.1842359752014318,2024-03-14,CN,False,,LBSF,,6.011926605504584,-0.9717842323651666,5.140366972477068,4.274774774774812,6.447706422018371,2.5852173913043544,,4.572998484757305,3.91475555559142,4.553756618743148,4.515698088312531,4.582619417764382,4.374395762212578,,0.7348885402336753,0.9265169388503484,0.7683389157985492,0.79933371377368,0.7181633524512384,0.8514446805438666,10000.0,6.0,4.0,,34,0,,6.066501941854369,6.66501941854375,-0.9717842351568038,7.330038837087443,7.723444703693531,6.332509709271903,2.5851872177730684,4.939658739534665,4.4140670092961,3.9147555579249094,3.895401638535631,3.5103958879548447,4.698749227743237,4.37442098398154,0.79444853824983,0.6734042738148194,0.9265169395801063,0.5605261257932028,0.489185131868298,0.7381590662921659,0.8514513926814002,4.81464392975393,"[{'hour_utc': 18, 'regime': 'dynamic', '",0.8061926858585344,0.7718386787361344,0.8861610325451552,2.6769993190782073
1.5566810931321338,8.605795429306397,6.569257721867245,9.600000000000023,LBSF_CLDY_2024-03-18,CLDY,0.9,0.5252941176470589,0.0,-5.436742278132726,2024-03-18,CN,False,,LBSF,11.452390954533257,11.379457482413727,4.343988019350604,11.298420291169862,10.683727753721087,11.419976078035688,8.92407558156009,4.717112916343199,4.531925920874077,4.061133069493837,4.326162592575053,4.27767603018747,4.634807585023589,4.303919601965539,0.5253441002965351,0.5018842183329569,0.6534569945736324,0.47581768281786996,0.4851738058417958,0.5149174860905004,0.5371006303415998,10000.0,14.0,2.0,,34,0,,12.029999999999973,12.300000000000011,4.343988023269446,12.600000000000023,12.705641136086285,12.149999999999977,8.924126128184582,5.303722477599632,4.739393399809364,4.061133074160786,4.182501170492614,3.756212840616949,5.045057367784355,4.303979798364027,0.567625300773434,0.4927328239297791,0.6534569951237036,0.42106225586452534,0.37210804235005085,0.5330269332585647,0.5371061572226692,5.356958544450169,"[{'hour_utc': 18, 'regime': 'radiative',",0.8295763775811721,0.7305197561222554,0.8327340388973803,2.0077494893086554
1.3889861656407467,7.36251772923921,4.949292344701348,9.399999999999977,LBSF_CLDY_2024-04-17,CLDY,0.98,0.5747058823529412,0.58,-1.0684027604243624,2024-04-17,CN,False,,LBSF,,,2.5326775425143637,6.959121770108823,6.3820235232501545,,5.2501925005296926,,,4.784727526650132,5.694337604953875,5.4021501846850075,,5.102496617831128,,,0.8667427912119501,0.8317520946892561,0.8112537656407965,,0.8099928612135446,10000.0,8.0,6.0,,34,0,,6.088475525628496,6.884755256285132,2.5326774896295206,7.769510512570264,8.29773997836196,6.442377628142538,5.2495525694892535,6.27134922357515,5.604062093004332,4.7847275459128085,4.9455686139990425,4.49794950344318,5.965492400490144,5.10272970512121,0.980317447874893,0.8196145597989449,0.8667427977175275,0.6719971121474699,0.5864286908850286,0.9052980846107754,0.8100642066300047,5.971354038238077,"[{'hour_utc': 18, 'regime': 'radiative',",0.9960266717612367,0.8576165329390275,0.9960266717612367,2.342374404193431
3.118079922521728,11.007452818288277,8.791188342297573,11.100000000000023,LBSF_CLDY_2024-04-20,CLDY,0.98,0.7735294117647059,0.72,-2.2148116577023984,2024-04-20,MISS,False,,LBSF,11.447209631086537,10.797765282873797,2.767891462948967,10.074194340500355,9.155978406560905,11.158567698547529,7.319265312903326,4.448755583159464,4.365990196679226,3.9628901661102316,4.274852775562088,4.265303176674437,4.411970966946026,4.220579325271886,0.4951425791504797,0.5014111050135843,0.7120175971710263,0.5085658186142386,0.5344993337381597,0.49792859064519285,0.5862788325899798,10000.0,13.0,2.0,,34,0,,11.029999999999973,11.300000000000011,2.767891456157713,11.600000000000023,11.64453287314916,11.149999999999977,7.31918053035298,4.5981087150422795,4.108858813504856,3.962890168797001,3.626056351106426,3.2930719778362474,4.37385679450714,4.220612867153947,0.5262668303275609,0.45676171580262875,0.7120175979599267,0.3902578861937937,0.35136644559202157,0.4941559077588599,0.5862866159771551,4.644262176719024,"[{'hour_utc': 18, 'regime': 'radiative',",0.5331745464142381,0.5328728572110407,0.747783270868717,0.0
0.8778895129779282,7.046693572219363,4.5412889757401445,8.0,LBSF_CLDY_2024-04-21,CLDY,1.0,0.48352941176470593,0.67,-1.4647110242598274,2024-04-21,CN,False,,LBSF,7.743475529402019,7.024246188270695,0.11009973828964803,6.2251024759024745,5.38883664733288,7.4238180444547766,3.738214506657812,5.595781106767243,5.504872804632179,4.355302621174306,5.403863580037665,5.294051433394087,5.555377416929437,5.047360445811643,0.8013364514525403,0.8188997794224342,0.9451779897450512,0.8384145882778719,0.8603893672214636,0.8091423749947153,0.8983258783864898,10000.0,9.0,7.0,,34,0,,6.029999999999973,6.300000000000011,0.11009971317946565,6.600000000000023,6.726566838856513,6.149999999999977,3.737932164946983,5.691603885890179,5.086003197250513,4.355302623386772,4.4883832431399,4.067401826688955,5.414021576567098,5.047385323037641,0.9177124161212824,0.7958640690569748,0.9451779919501039,0.6793804893784402,0.6048405928220331,0.8614065009410723,0.8983479283406471,5.6086569495038425,"[{'hour_utc': 18, 'regime': 'dynamic', '",0.929389753259626,0.8446718293135722,0.929389753259626,3.680874063732535
0.962713430298724,10.879442636679823,10.773550699094926,10.5,LBSF_CLDY_2024-05-03,CLDY,0.99,0.7958823529411765,0.67,-0.23244930090504567,2024-05-03,CN,False,,LBSF,10.757508662854889,10.140599375131899,3.954983625179068,9.436766394999893,8.620038659468435,10.483326757200246,7.1411628251841535,6.179180633793982,6.125426252897308,5.149377622798362,6.070139810678696,6.0421316326976555,6.155289797839905,5.865892856552717,0.7203943012398325,0.7349318956481297,0.847978896351384,0.7531114275558544,0.7837403761734462,0.7268554543101868,0.8202484080812772,10000.0,12.0,8.0,,34,0,,11.029999999999973,11.300000000000011,3.9549836282910746,11.600000000000023,11.59971470128653,11.149999999999977,7.141202360615921,7.509798872323542,6.710737413653369,5.149377646350401,5.922206156638631,5.327189711317948,7.143542147142189,5.866192065670017,0.8595181832103678,0.7459998200243344,0.8479788999000424,0.6373832705618335,0.5691316624887709,0.8070734183131533,0.8202869144004111,7.5851784529718085,"[{'hour_utc': 18, 'regime': 'radiative',",0.8841386213761246,0.8778617156835459,0.8841386213761246,1.6731245744238796
1.7703307561750024,12.477543371081538,11.060000000000002,13.600000000000023,LBSF_CLDY_2024-05-14,CLDY,1.0,0.8270588235294118,0.58,0.0,2024-05-14,CN,False,,LBSF,,12.914004431393039,5.9514164275224175,12.13818913447085,11.339918570975044,13.301912079854105,9.695963278358136,,8.244981220577857,5.787870630857235,7.877676312173485,7.563391026733649,8.428633674780045,7.072218187325612,,0.825435183994545,0.8352843033852753,0.8205939128438947,0.82165510804926,0.8278558195698701,0.8378920811672591,10000.0,12.0,9.0,,34,0,,11.300000000000011,14.0,5.951416416890368,17.0,19.349262838638083,12.5,9.69582141599875,7.509798872323542,6.710737413653369,5.787870626982733,5.922206156638631,5.35428188034324,7.143542147142189,7.072166490149581,0.8441087146096986,0.6232407354977098,0.8352843034509263,0.4465443918287292,0.3505782521033656,0.7373487162190434,0.8378940689451062,8.017757451626888,"[{'hour_utc': 18, 'regime': 'dynamic', '",0.8672329106645018,0.8336753008350171,0.899273053846794,3.011624233962983
0.8864157468798672,10.851260265301528,10.741373253802408,10.5,LBSF_CLDY_2024-05-16,CLDY,0.94,0.8105882352941177,0.88,-0.24435707280423458,2024-05-16,CN,False,,LBSF,,10.126256184032513,6.78172733462992,9.42962919755945,8.72733274789664,,7.220689511156138,,7.465957051643216,6.866065030520382,7.347431646832665,7.232219714198699,,7.06143834810931,,0.9060537221781503,0.9385559012701674,0.9236243624081723,0.9421185079368998,,0.9957298943710525,10000.0,11.0,9.0,,34,0,,10.928651633033098,10.286516330331324,6.781727336342385,9.573032660662648,8.85175454360575,10.643258165165662,7.2299260195611055,7.509798872323542,6.710737413653369,6.86606503078451,5.922206156638631,5.341967222243345,7.143542147142189,6.921422741931412,0.8653953922097233,0.7987831570705963,0.9385559011945089,0.7309422733289753,0.6854290709087982,0.8351092336168119,0.9767149101347818,7.597637203029841,"[{'hour_utc': 18, 'regime': 'dynamic', '",0.8908033380026038,0.8809745315334523,0.9277422893458709,3.6808740637325346
1.0052828640695073,12.11623738315584,7.421421842363998,13.0,LBSF_CLDY_2024-09-14,CLDY,0.54,0.20176470588235296,0.26,-5.584578157635974,2024-09-14,CN,False,,LBSF,13.597497460992429,13.458238501284711,7.167064972458547,13.303506323831698,12.648798486244687,13.535604590011246,11.079075727246675,7.170223491323443,6.8511084246814145,6.44457630802318,6.496536128412492,6.466205960812844,7.028394572815875,6.545314882022249,0.6915498062232983,0.6595186519147863,0.8492009377868323,0.6239284804608841,0.6416964297535874,0.6773137376417374,0.705293268712981,10000.0,13.0,11.0,,34,0,,13.029999999999973,13.300000000000011,7.16706496750146,13.600000000000023,13.75485158948402,13.149999999999977,11.079007203177468,8.600951853636728,7.68578882304438,6.444576320299861,6.782686005286942,6.07068629062835,8.181478969598968,6.545484589966236,0.8611528625243349,0.7476435489051809,0.8492009396690341,0.6389996150821725,0.5598678826047875,0.8087167282008982,0.7053142685715821,8.471222726319974,"[{'hour_utc': 18, 'regime': 'radiative',",0.9310240030084421,0.9023778641616056,0.9859059188031282,0.0
1.056558270501885,11.058308009494056,8.973695350738694,13.399999999999977,LBSF_CLDY_2024-09-15,CLDY,0.96,0.54,0.96,-1.0323046492612775,2024-09-15,CN,False,,LBSF,13.05298407818924,12.44072591091367,5.555552792775586,11.76043905838526,10.99177525563806,12.780869337177876,9.403166681210735,8.388876034156482,8.025066084807833,6.7255461016863975,7.620832807753775,7.34582857538927,8.22718272333486,6.967866123041559,0.8386529320882877,0.8252307985563968,0.991697769089649,0.8103173168542956,0.8121972111233715,0.8326875394074473,0.8398823629119503,10000.0,14.0,10.0,,34,0,,10.029999999999973,10.300000000000011,5.555552762165746,10.600000000000023,10.823151652948695,10.149999999999977,9.402757828438439,7.509798872323542,6.710737413653369,6.725546093637873,5.922206156638631,5.3710366495724715,7.143542147142189,6.967758619557377,0.9196094007855172,0.7980306436314194,0.9916977700436366,0.6817216217191886,0.6020951855087668,0.8634383320418952,0.8398924926595679,7.434742988295125,"[{'hour_utc': 18, 'regime': 'dynamic', '",0.9312567593043207,0.8504927778896677,0.9312567593043207,3.6808740637325346
0.8439528264097931,13.577156905938285,11.890592098248476,16.0,LBSF_CLDY_2024-10-05,CLDY,0.72,0.5323529411764706,0.72,-2.115407901751496,2024-10-05,FA,False,,LBSF,16.174518898382587,15.804527458282564,10.549005829468001,15.39342585817144,14.941532500441838,16.010078258338126,13.917240535358758,10.543088238727496,10.254186808976188,9.386211520660108,9.933185220363628,9.640757940950198,10.41468760328247,9.226192835889087,0.8586245216764908,0.8459325952295035,0.9837306797959025,0.8318304547328509,0.821482715186023,0.8529836654778298,0.8228363815556715,481.488655139207,15.0,14.0,,34,0,,14.029999999999973,14.300000000000011,10.5490058159221,14.600000000000023,14.843559550406269,14.149999999999977,13.917032429116773,10.505424799352207,9.387620794975671,9.386211521081416,8.284547449235742,7.471090957508691,9.993069673729083,9.226199308429228,0.984452492278932,0.8548152599574953,0.9837306807447035,0.7307147301861866,0.6408919966624674,0.92456845952298,0.8228480335246492,10.294545499631472,"[{'hour_utc': 18, 'regime': 'radiative',",0.9968677609877724,0.9947602821988937,0.9968677609877724,1.3384996595391037
2.699549040048735,17.280583214390127,16.143307396517343,17.600000000000023,LBSF_CLDY_2024-10-11,CLDY,0.86,0.7588235294117647,0.78,-0.8626926034826283,2024-10-11,CN,False,,LBSF,17.770118494956876,17.29128478996978,11.92307564153856,16.759247339984142,16.125079701607262,17.557303514962598,14.796546689195452,12.349914498730405,12.114211721727274,9.857226723019167,11.852319747279356,11.623250659971141,12.245157708951236,11.17320182809024,0.9072140931349834,0.9078699975182144,0.9442637100845158,0.9085987801662488,0.9176224363220742,0.9075056061941972,0.9389594669175706,10000.0,17.0,16.0,,34,0,,17.029999999999973,17.30000000000001,11.923075637313332,17.600000000000023,17.742974714379613,17.149999999999977,14.796478225207125,11.977449717488655,10.70301835670003,9.857226721761577,9.445381723124818,8.551053188950664,11.393303089458728,11.173181450588237,0.9226046154732751,0.8014449771125166,0.9442637102310628,0.685406297399998,0.6095219057291674,0.8666433099381672,0.938961988434678,12.097673388019732,"[{'hour_utc': 18, 'regime': 'radiative',",0.9342053182446877,0.9178523945381775,0.9342053182446877,2.0077494893086554
3.231173459109139,2.744869471533923,-2.274118368594941,3.1000000000000227,LBSF_CLDY_2024-11-28,CLDY,0.94,0.4782352941176471,0.02,-7.302693759992167,2024-11-28,FA,False,,LBSF,,6.617260688425631,5.427594872895213,6.86744508401847,7.117629479611253,,6.778702561241573,,5.210167406463602,4.70202156711025,5.091824171184094,4.973480935904588,,5.0398751457616555,,0.8070921861211896,0.7084621888051608,0.7666683931412085,0.7262446001612273,,0.7348666476397795,554.7708560554232,6.0,3.0,,34,0,,5.142876956986186,6.428769569861913,5.427594172641307,7.8575391397237695,8.469467522437583,5.714384784930928,6.778150908335874,4.5981087150422795,4.108858813504856,4.70202132355274,3.626056351106426,3.8312691333734588,4.37385679450714,5.039683273638555,0.7889272573751096,0.6372083815691982,0.7084621891721506,0.5030782288097335,0.5146896050364067,0.7174107723444475,0.7348663031155819,4.420502006848987,"[{'hour_utc': 18, 'regime': 'radiative',",0.9503695603912684,0.9010689146555142,0.9949549651915074,1.3384996595391037
0.7046123663112572,3.279758176902851,3.01139331159834,3.8000000000000114,LBSF_CLDY_2024-12-02,CLDY,0.96,0.9011764705882354,0.89,0.0,2024-12-02,CN,False,,LBSF,,3.4986752311396003,-2.2612486098449835,2.71065834799748,1.9226414648554169,,0.3780284312993558,,4.180093374378364,3.8072069721046953,4.155301829523556,4.1305102846687465,,4.218517764803663,,0.8054377493937649,0.9956122602215581,0.8370734354752868,0.8687091215568087,,0.9683820390768495,10000.0,4.0,1.0,,34,0,,3.0569665579917,3.5696655799170003,-2.2612486116482273,4.139331159834001,2.4570443231744434,3.2848327899585,0.37786400642266926,4.277832266851423,3.8226606290601683,3.807206972549441,3.3734873398086536,3.90568919646029,4.0692004130134185,4.218558318689114,0.8507514959304944,0.7247867319692254,0.9956122604717389,0.606670027980796,0.7986328135757559,0.7922561044878801,0.9684010851293453,4.320770950487585,"[{'hour_utc': 18, 'regime': 'radiative',",0.8629396026703494,0.8466778161884193,0.8629396026703494,2.0077494893086554
1.0088085784277705,3.7630836809392463,3.199528452216157,3.3999999999999773,LBSF_CLDY_2024-12-06,CLDY,1.0,0.6976470588235294,0.42,-1.7804715477838613,2024-12-06,CN,False,,LBSF,,3.552610401319953,2.886353671836389,2.9313183157820504,2.6174500702982755,3.863256444088904,2.715949046027788,,4.699700143691643,4.8461690776978585,4.595859325249734,4.573355571896501,4.7516205529125966,4.709780149452765,,0.8963210341215077,0.8664515330431996,0.9048631737136202,0.9094470909551132,0.8920499643254513,0.9071589501431152,10000.0,4.0,2.0,,34,0,,4.899999999999977,4.0,2.8863536784466532,3.0,2.1070957658997713,4.5,2.7160242601683535,4.939658739534665,4.4140670092961,4.84616907917673,3.895401638535631,3.525909104146814,4.698749227743237,4.709796976709396,0.8620902883851642,0.811801087865449,0.866451532897082,0.759749266905961,0.7236479278605201,0.8393207136356575,0.907157309766799,4.878303832583271,"[{'hour_utc': 18, 'regime': 'dynamic', '",0.9427244034253316,0.9239937414810552,0.9427244034253316,4.015498978617312
0.6763745928938515,2.255661022132904,-1.0960873039186367,2.3999999999999773,LBSF_CLDY_2024-12-07,CLDY,0.96,0.7552941176470588,0.95,-3.1020873039186085,2024-12-07,CN,False,,LBSF,2.3617367937721383,1.8201703278367631,-3.1459508193513557,1.2184298101307718,0.4710111856302319,2.1210405866897304,-0.8972041319522077,4.024872174001882,3.976959360108153,3.5868794682181595,3.9237229002262324,3.925867608792874,4.003577590049113,3.8831660203816156,0.8414426582647986,0.8544599581226283,0.9902257328482532,0.868923624631328,0.9076088364576816,0.8472281248682785,0.9661814167327755,10000.0,2.0,0.0,,34,0,,2.0299999999999727,2.3000000000000114,-3.14595082598845,2.6000000000000227,2.6772954234966733,2.1499999999999773,-0.897270245163952,3.9776501238453505,3.554418662420594,3.5868794681937257,3.1367646351060285,2.8629603678200213,3.7836583258763623,3.883165776997721,0.8514281462475494,0.7378610951480038,0.9902257333380742,0.6293773161869162,0.5682029112000263,0.7989387360842072,0.9661860117618122,4.000059827593297,"[{'hour_utc': 18, 'regime': 'dynamic', '",0.8623159877259309,0.8433398592709113,0.9718181719327419,2.6769993190782073
1.828398721433799,1.9470255661151896,1.3868444096431745,1.3999999999999773,LBSF_CLDY_2024-12-08,CLDY,1.0,0.7447058823529411,0.37,-0.6191555903567973,2024-12-08,CN,False,,LBSF,2.176628013674872,2.8164823757724093,0.9722678249356704,3.3244562989395945,2.6822364698106185,2.4610077301626916,1.8545348214292403,4.530539597704306,4.540316179723442,3.219625039156031,4.537452081376853,4.45680183524207,4.534884745268366,4.155880009998613,0.9599521365488556,0.9081894549216094,0.6545780361024816,0.8613258097562984,0.8748146892702194,0.9369465002700795,0.8445680542674388,4194.329464764476,1.0,0.0,,34,0,,2.0299999999999727,2.3000000000000114,0.9722678223705543,2.6000000000000227,2.814714875024947,2.1499999999999773,1.854506957311287,4.277832266851423,3.8226606290601683,3.2196250349128714,3.3734873398086536,3.1018260670709044,4.0692004130134185,4.155833917098626,0.9156830499225854,0.793545394064652,0.654578035369605,0.676874632020578,0.6059409601082009,0.8592324028352649,0.8445604588540402,4.446869233115199,"[{'hour_utc': 18, 'regime': 'radiative',",0.9735657071057149,0.9580899335227346,0.994920784881316,1.6731245744238796
3.7903049592353133,2.4551206579737026,-0.839313874771733,3.6000000000000227,LBSF_CLDY_2024-12-10,CLDY,0.94,0.7717647058823529,0.67,-6.839134706145387,2024-12-10,FA,False,,LBSF,,5.8836523799449765,0.20495407418997047,5.646646980881883,5.259653650127461,,3.67758272979745,,5.324415221909232,4.327500894372084,5.3238526934677335,5.3104723798816105,,5.210467456907605,,0.8635098462105103,0.9404654194560835,0.8671250341313649,0.8781775183560412,,0.9395643014978464,602.7312415062796,7.0,4.0,,34,0,,5.999104156868384,5.991041568683954,0.20495407422191647,5.982083137367965,5.885043550159253,5.995520784341977,3.6775830806247427,5.303722477599632,4.739393399809364,4.32750089457127,4.182501170492614,3.786152834905164,5.045057367784355,5.210469644864767,0.8570122904402505,0.7577752219099282,0.9404654194965313,0.6609288352121555,0.59671387481513,0.811396331040362,0.9395646722125549,4.645697519037187,"[{'hour_utc': 18, 'regime': 'radiative',",0.9947756901124389,0.9620460156562732,0.9948996478075902,2.3423744041934316
0.49631634036837796,4.555804468099813,3.4221079972517714,3.8999999999999773,LBSF_CLDY_2024-12-11,CLDY,0.83,0.6900000000000001,0.79,-1.5745689790304027,2024-12-11,CN,False,,LBSF,,4.7484944968198874,-0.10600634144776677,4.223760317542201,3.6990261382645713,,2.0927169976038726,,4.4931406284989,4.0361734448442395,4.377912535609421,4.262684442719942,,4.33208149850772,,0.7920244708176126,0.9010265978473854,0.7907805721946113,0.7895366735716098,,0.8785192526948833,10000.0,5.0,4.0,,34,0,,4.983384881410814,4.83384881410808,-0.10600634097352213,4.667697628216217,3.8541220890772365,4.916924407054012,2.092765816012786,4.939658739534665,4.4140670092961,4.0361734461925725,3.895401638535631,4.103677284410645,4.698749227743237,4.332220299724729,0.8570551912532559,0.7653746701839091,0.9010265981155139,0.6749730636414607,0.7520175450077512,0.8150241224355884,0.8785424426572155,4.989240512986127,"[{'hour_utc': 18, 'regime': 'radiative',",0.911258570619887,0.8931568097819923,0.9453797839392323,1.3384996595391037
4.006136413135465,-0.8206754546564298,-6.155707915281084,1.1999999999999886,LBSF_CLDY_2024-12-12,CLDY,0.74,0.15235294117647058,0.74,-7.149406272501437,2024-12-12,CN,False,,LBSF,,,-5.72909096545942,-0.07923334444762986,-0.9888943224632953,,-2.4747717287227715,,,2.745423097818969,3.049585088932328,3.004065967923595,,2.860385934003196,,,0.9367977917463526,0.7555911511505247,0.7855571938108855,,0.8134310720144667,10000.0,2.0,-3.0,,34,0,,0.9684917861018789,0.6849178610186755,-5.729090819774569,0.36983572203735093,-0.1459860586548416,0.8424589305093377,-2.4746395834907275,3.1867320242804396,2.8476563468692793,2.745423145665082,2.5130490807684778,2.354507127219109,3.0313137572000324,2.860429333417891,0.7364536915436626,0.6642312035268295,0.9367977967696582,0.5922928869802327,0.5739135606353915,0.7034288391623948,0.8134349180170601,3.13735009625335,"[{'hour_utc': 18, 'regime': 'dynamic', '",0.9202247022958643,0.8304643112273844,0.9202247022958643,3.680874063732535
0.9379190926566291,2.0146261159682126,1.218351074816951,1.6999999999999886,LBSF_CLDY_2024-12-14,CLDY,0.95,0.8347058823529412,0.89,-0.7803936739692858,2024-12-14,CN,False,,LBSF,,1.6979272667338705,1.3377054707255525,0.8853974826205899,0.14422869967677343,,-0.5888183539311171,,4.083329832319952,4.273809082302076,4.032177710075429,3.992140000735207,,4.028765917549922,,0.8932805449591343,0.8566954202072058,0.9241367656805326,0.9529720699727852,,0.9894230560512607,10000.0,2.0,-0.0,,34,0,,1.9937237439312412,1.9372374393120708,1.3377054709625327,1.8744748786241985,1.7251107677483333,1.9686187196560354,-0.5654531083268353,3.9776501238453505,3.554418662420594,4.2738090820133054,3.1367646351060285,2.842733568503617,3.7836583258763623,4.0117766225352485,0.85364708754703,0.7573455070873174,0.8566954201345865,0.6630319902580415,0.6019562174900339,0.8094203965988621,0.9842347157899669,4.044913261648943,"[{'hour_utc': 18, 'regime': 'dynamic', '",0.8766009960069457,0.8676513911027264,0.940417372695854,3.680874063732534
1.03372021722588,0.9327489557398394,0.005999999999971806,1.3999999999999773,LBSF_CLDY_2024-12-24,CLDY,1.0,0.928235294117647,1.0,0.0,2024-12-24,CN,False,,LBSF,1.1629441505802447,0.634960448735967,-2.5559306319555617,0.04990973178223612,-0.48347747078747716,0.9282847275383688,-1.2864160135336533,3.47385901618827,3.4207927679066903,3.7733113698221286,3.3669333132118964,3.4780722616495963,3.4502740169520125,3.653530961936794,0.791705128507869,0.8000814019894673,0.9946161285349768,0.810622268413293,0.8610591019056152,0.7954279167219127,0.9344171639280893,10000.0,0.0,-1.0,,34,0,,0.029999999999972715,0.30000000000001137,-2.5559306560401183,0.6000000000000227,0.7483547518343698,0.14999999999997726,-1.286656330414246,3.6964410821784655,3.3031310088041366,3.7733113750835283,2.9150040591317548,2.663385316558989,3.5161640110071732,3.65358346037541,0.9146188204865551,0.7923295348382844,0.9946161316877096,0.6755608511438729,0.6050962229399263,0.8580922930019091,0.9344468329358562,3.6486775257355952,"[{'hour_utc': 18, 'regime': 'dynamic', '",0.926345215276329,0.8472444517397537,0.926345215276329,3.3462491488477593
1.1916264866202064,-0.1529358674180344,-2.0989797817931617,0.0,LBSF_CLDY_2024-12-26,CLDY,0.71,0.4623529411764706,0.67,-3.07897978179318,2024-12-26,CN,False,,LBSF,,,-5.057222986076283,-1.1556281149995584,-2.0238690759917404,,-3.7719625571565985,,,2.916173418301568,2.8423036302743685,2.8173342978393334,,2.7997542142139897,,,0.9476321662221489,0.7643353654690513,0.7978631489224823,,0.8815678544114046,10000.0,1.0,-3.0,,34,0,,0.8999999999999773,0.0,-5.057221903832442,-1.0,-1.9930535347341447,0.5,-3.7715083942687215,3.1867320242804396,2.8476563468692793,2.916173648140146,2.5130490807684778,2.300677357517875,3.0313137572000324,2.799850665816832,0.7401154118798634,0.6982097570312781,0.9476321663939601,0.6547832911104171,0.639423845325959,0.7211475469916756,0.8815683207178456,3.2187187783579256,"[{'hour_utc': 18, 'regime': 'radiative',",0.8691430137814512,0.8093943884771189,0.9314193631228557,1.6731245744238796
2.0671323469828753,3.4975691113864515,1.3456189748314387,0.0,LBSF_CLDY_2025-01-03,CLDY,0.91,0.5788235294117647,0.32,-5.6343810251685795,2025-01-03,MISS,False,,LBSF,,3.8290189349028196,2.2921827266106334,6.42522941793419,6.825991094061294,2.530913693387106,5.688733283642932,,3.9331364142859644,3.1564036908550235,3.6499647969560987,3.546759500492723,4.074722222950897,3.477345901187918,,0.7622656926584674,0.5877765293571868,0.5730812987276765,0.5228960203875598,0.8568578896238629,0.5413467762533521,10000.0,8.0,-0.0,,34,0,,6.899999999999977,6.0,2.2921827733798636,5.0,4.174557646240999,6.5,5.689296119486187,3.9776501238453505,3.554418662420594,3.1564036895109147,3.1367646351060285,2.8310637635031584,3.7836583258763623,3.477329725745518,0.6036810586933563,0.5679747379713117,0.5877765271829103,0.5310383258349862,0.501287686986631,0.5875117989817181,0.5413231736225558,4.0175757262294844,"[{'hour_utc': 18, 'regime': 'radiative',",0.8896616961992976,0.7829813292485875,0.8994787432471782,1.3384996595391037
0.8393431417644536,-0.14928025985011573,-1.0493252993462079,0.10000000000002274,LBSF_CLDY_2025-01-11,CLDY,1.0,0.7988235294117647,0.57,-1.0656951503365235,2025-01-11,MISS,True,SNOW_DOMINATED,LBSF,,0.27325644281160066,-4.330123965226392,-0.33769627016079085,-1.0210032450833069,0.578732799297768,-2.5003913629522003,,2.919650905380486,2.0016076468935826,2.687251564036245,2.5679679507387974,3.0358505760526064,2.59023296998633,,0.7043944704113784,0.6055086887347947,0.6693552963985983,0.6663540429715782,0.7219140574177684,0.7293696844788737,10000.0,-0.0,-1.0,,34,0,,0.08184925495146445,0.8184925495148718,-4.330123969773638,1.6369850990297437,2.181758147738492,0.4092462747574359,-2.5004341167955886,3.6964410821784655,3.3031310088041366,2.0016076520149326,2.9150040591317548,2.599813161407745,3.5161640110071732,2.5902811216467283,0.9111734022112641,0.7630163536117897,0.6055086904918259,0.6266903607836783,0.5324263600563327,0.8420407248778012,0.729385550129031,3.733544046004347,"[{'hour_utc': 18, 'regime': 'radiative',",0.9522700468253463,0.9369766502109714,0.983608217391581,1.0038747446543277
0.8189555522474279,-1.8093009820081078,-4.766172275761221,-0.39999999999997726,LBSF_CLDY_2025-01-14,CLDY,0.78,0.5058823529411764,0.76,-2.7501655684030766,2025-01-14,CN,False,,LBSF,,,-9.921171171171181,-3.6473933649289165,-4.405687203791501,,-5.975700934579436,,,2.0237867364257327,2.3156497325778336,2.182557377894629,,2.1324640688774927,,,0.9567181554099496,0.7467418933130194,0.7358606460153753,,0.7919415228396468,10000.0,-1.0,-7.0,,34,0,,-2.0800335367907223,-2.80033536790728,-9.921170841410003,-3.6006707358145604,-4.398575190800727,-2.4001676839536685,-5.975366620827003,2.539491259933122,2.269283716908029,2.0237867851252873,2.002637026287968,1.828853968685996,2.415639297416532,2.1325134407662505,0.7339375315332025,0.6841268121764739,0.9567181532641158,0.6329682430591028,0.608249250309585,0.711339431625713,0.7919400395549203,2.5649813283880905,"[{'hour_utc': 18, 'regime': 'radiative',",0.7385441483229349,0.7273452442719828,0.9077514891891979,0.6692498297695518
2.8189883624043377,-4.281018612454227,-8.156935650437788,-0.6999999999999886,LBSF_CLDY_2025-01-17,CLDY,0.93,0.7294117647058824,0.08,-6.16293565043776,2025-01-17,HIT,False,,LBSF,-1.236103895124586,-0.9339179497983423,1.928581569290543,-0.6599174833812071,-0.7358999556175263,-1.101799030535176,-0.15677445372176635,3.3664786081868985,3.3599155909250733,2.521789194304221,3.3535251911517814,3.352245227274656,3.363561711626087,3.3188628647575764,0.9384850414675205,0.9048959037181563,0.4972110128602352,0.8722113974105495,0.865801852300279,0.9235565358011364,0.8034803975407516,682.2943421810962,-3.0,-3.0,,34,0,-8.5,-1.9700000000000273,-1.6999999999999886,1.9285810332964388,-1.3999999999999773,-1.100348688039503,-1.8500000000000227,-0.15691394535383552,3.1046082294654544,2.7742707416881247,2.521789031803126,2.4482865115018124,2.2704911367145093,2.9531951871203597,3.3188205741005636,0.9135313609129155,0.7910882865964304,0.4972110050747055,0.6742207308179295,0.6029688983631424,0.856927814934688,0.8034783636284478,2.7769601466949476,"[{'hour_utc': 18, 'regime': 'radiative',",0.9949366705854793,0.9691493254635779,0.9949467671510228,1.0038747446543277
3.6297884161165013,0.25754417605703567,-6.437165961679227,0.0,LBSF_CLDY_2025-01-21,CLDY,0.92,0.7752941176470587,0.58,-8.471494818226404,2025-01-21,FA,False,,LBSF,,3.357613226119213,-0.7309205856122958,3.357467106803199,3.0945547209424262,3.35768628577722,1.5424767356581128,,4.121585151437145,3.992666867073545,3.989138524055101,3.909222430267761,4.187808465128168,3.961513720135598,,0.7986449577133307,0.9284547545292506,0.7635442628687605,0.7533192738644138,0.8161953051356158,0.8316738151871554,590.1819357153869,3.0,-1.0,,34,0,,2.1716442827358833,3.716442827358719,-0.7309205928013967,5.432885654717438,6.791001510764943,2.8582214136793596,1.5424004256802846,3.9776501238453505,3.554418662420594,3.9926668662253384,3.1367646351060285,2.843461909093879,3.7836583258763623,3.961504716722945,0.8428347438202193,0.6669260333804956,0.9284547548242811,0.5149334063926501,0.42365529363991766,0.7594343554909847,0.8316764960853986,3.8374350622415805,"[{'hour_utc': 18, 'regime': 'radiative',",0.9864475931356864,0.9349562100030792,0.9949330048691412,1.0038747446543277
1.6989282615246717,2.1391273283066425,-1.170301734197551,2.3000000000000114,LBSF_CLDY_2025-02-03,CLDY,1.0,0.5800000000000001,1.0,-4.15085298415903,2025-02-03,CN,False,,LBSF,,1.8628945486721022,-4.39999758682643,1.0000529388646555,0.1372113290572088,,-1.3374721177498827,,3.059365731743399,3.258667787931319,3.070087257084848,3.0808087824262973,,3.3571134061370773,,0.6628908214571259,1.0000104308700852,0.7002394976725161,0.7375881738879063,,0.8742659898522316,10000.0,4.0,-2.0,,34,0,,2.9027562498072825,2.0275624980726548,-4.399997583498873,1.0551249961453095,0.126487105411627,2.513781249036299,-1.337202555910551,3.1867320242804396,2.8476563468692793,3.258667788474393,2.5130490807684778,2.852023030365412,3.0313137572000324,3.357157400911038,0.64076164642164,0.6028458905121666,1.0000104307844917,0.5636261736584744,0.6817759008782787,0.6235915949547741,0.8742617831458729,3.1410115702374197,"[{'hour_utc': 18, 'regime': 'dynamic', '",0.6827075352071299,0.6678233045980335,0.767348099683197,3.6808740637325346
0.833241598792669,-0.53470456509732,-1.5115434038500553,-0.30000000000001137,LBSF_CLDY_2025-02-12,CLDY,0.82,0.6235294117647059,0.0,-2.50120142324522,2025-02-12,CN,False,,LBSF,,,-4.294028344781395,-0.10982041271330445,-0.6403306415811016,,-1.4215032062686532,,,1.6650957883195563,2.1414751613498333,2.0236250559544025,,1.87862473284497,,,0.5086496353054207,0.5298381422442408,0.514293796794185,,0.49326091279756895,10000.0,3.0,-10.0,,34,0,,0.9482900969759385,0.482900969759271,-4.294028318193682,-0.034198060481458015,-0.570230074213157,0.7414504848796355,-1.4212937037174243,1.859890522836659,1.6619943011456375,1.6650957741801673,1.4667059979052484,1.4466921569681122,1.769183079378002,1.8785133190924697,0.43044958063040195,0.39340485672446074,0.5086496305721461,0.3560235683525123,0.3626663542424503,0.41356667030661537,0.49322447686254534,2.0107733962636716,"[{'hour_utc': 18, 'regime': 'dynamic', '",0.5609098976714256,0.5209991414986018,0.7688927097528665,4.015498978617311
1.336164600215496,2.0644255851583466,-1.3480162327117569,2.3999999999999773,LBSF_CLDY_2025-02-16,CLDY,1.0,0.9458823529411766,0.99,-3.3561988885398932,2025-02-16,MISS,True,SNOW_DOMINATED,LBSF,,1.6508987781893438,-2.631119460898958,0.7794978582196563,0.03924456106460639,2.0865992381742444,-1.1416934395435874,,3.6265685658771565,3.624928430905251,3.5910051207922646,3.6426723598226287,3.6443502884196026,3.8210742990937776,,0.7924703692517758,0.9688493364062227,0.825105840405247,0.8731537594949058,0.7761526336750403,0.9723478366792154,10000.0,3.0,0.0,,34,0,,2.0409132791407956,2.409132791407842,-2.631119463318157,2.818265582815627,2.997284997846009,2.204566395703921,-1.1417174255182658,3.6964410821784655,3.3031310088041366,3.6249284317224033,2.9150040591317548,2.656407171609798,3.5161640110071732,3.8210824008696322,0.7906154924411963,0.6803504985887965,0.9688493368082292,0.5758199547785058,0.5163179469739875,0.7395531242256829,0.972351599439654,3.693032274191366,"[{'hour_utc': 18, 'regime': 'dynamic', '",0.8012268085532861,0.7893329246692902,0.9152816827666247,3.3462491488477593
2.074758298893537,-2.2341970185859394,-5.39817952388222,0.10000000000002274,LBSF_CLDY_2025-02-18,CLDY,1.0,0.6911764705882353,0.91,-3.3931581346754456,2025-02-18,MISS,False,,LBSF,,-2.3591903158139758,-9.06552237747718,-3.128679893257697,-3.8974926084700314,,-5.301099317085686,,2.4287267476535277,2.2725754321676312,2.34485878536516,2.2621418846108488,,2.324618266845367,,0.716391150825629,0.9957153398775157,0.7230192245181197,0.729998659538161,,0.8135270724332675,10000.0,-1.0,-5.0,,34,0,,-2.025106946033816,-2.2510694603383286,-9.065522376357933,-2.502138920676657,-2.829202817202315,-2.125534730169136,-5.231202642561584,2.740799161760764,2.449171923933191,2.272575433578758,2.16138781179917,1.9410671442018774,2.607129297019486,2.3036241661186865,0.7888998461490798,0.7087588311160312,0.995715340399491,0.629247941892608,0.5732154528222039,0.7522169775728232,0.8032734882209616,2.540169662964625,"[{'hour_utc': 18, 'regime': 'dynamic', '",0.7964398688866725,0.7431280326198372,0.8341748935768953,2.342374404193431
0.1838512254409333,0.9685675557866944,0.9577732730915614,-0.6999999999999886,LBSF_CLDY_2025-02-24,CLDY,0.94,0.7717647058823529,0.79,-0.03804239644750851,2025-02-24,CN,False,,LBSF,,,-2.8433644182798616,0.7060572803962373,0.6765309191865754,,0.7683287697456649,,,3.489795760450214,3.689350955415461,3.7615947484485637,,3.572636099546853,,,0.9570148992644777,0.8608319799884433,0.868676521877906,,0.7998146142625631,10000.0,1.0,-2.0,,34,0,,0.9790783476953493,0.7907834769533792,-2.84336434895215,0.5815669539068153,0.4478143607790912,0.8953917384766896,0.7684154546537911,3.1867320242804396,2.8476563468692793,3.4897956569249833,2.5130490807684778,2.564799099144298,3.0313137572000324,3.572506655250767,0.7358897890023661,0.6591445890531518,0.9570148723307312,0.583236462511393,0.5947790338012793,0.7007336018249024,0.7997793924388883,3.2187187783579256,"[{'hour_utc': 18, 'regime': 'radiative',",0.7451734318373373,0.7445909620128737,0.7956332752104116,0.0
0.4448749182097288,7.146832742339791,5.957168796260021,7.699999999999989,LBSF_CLDY_2025-02-28,CLDY,0.99,0.726470588235294,0.59,-2.0465741609252177,2025-02-28,CN,False,,LBSF,,8.004290354966315,2.2882965775798993,7.331152167086486,6.655205752500535,,5.228694327993196,,5.586184054785888,5.114139906808982,5.5549968612753045,5.519768116773042,,5.3419208442753225,,0.7842075971268867,0.9593296648747802,0.8071634532232133,0.8297688193435644,,0.8656665322226349,10000.0,11.0,5.0,,34,0,,8.018714785926306,8.18714785926312,2.2882965770787678,8.374295718526184,8.424483461306977,8.093573929631589,5.374776267776269,5.691603885890179,5.086003197250513,5.114139907280791,4.4883832431399,4.047652704871366,5.414021576567098,5.22037493622262,0.7995874646139896,0.698509641423183,0.9593296649973188,0.6011214203699092,0.5357831649208306,0.7529730403370646,0.8413936060166174,5.685182993103572,"[{'hour_utc': 18, 'regime': 'dynamic', '",0.8876945754437223,0.8496277900132846,0.905504743925442,3.680874063732534
1.2357062741512417,2.1879213522443934,0.8934264612866514,4.199999999999989,LBSF_CLDY_2025-03-17,CLDY,0.92,0.7311764705882353,0.57,-3.099791663954818,2025-03-17,CN,False,,LBSF,,3.031481481481478,-4.4962184873949695,2.1055555555555543,1.16045454545457,3.4944444444444684,-0.7046357615894294,,3.4610165559965282,2.852683940915004,3.440710061406425,3.425964689680375,3.47116980329158,3.3686534828247674,,0.6843545518553972,0.8720854673059806,0.7174883645278406,0.7560122336246395,0.6677876455191755,0.8294535433919642,10000.0,6.0,0.0,,34,0,,3.9660906262074036,3.6609062620738086,-4.496218485226848,3.3218125241476173,2.845383028576748,3.8304531310369043,-0.7046149284047374,3.433139349784711,3.0678452792480013,2.8526839408976405,2.7073651315761085,2.4626341715601847,3.265703655632221,3.3686533159813887,0.640015662953694,0.5779299294604849,0.8720854671501138,0.5160153892998931,0.48254469284637136,0.6116345989860436,0.8294522537454774,3.4036745194625366,"[{'hour_utc': 18, 'regime': 'dynamic', '",0.7805288358483697,0.7226670518111359,0.7805288358483697,5.019373723271639
1.9322203769394586,10.16961089057279,10.005999999999972,10.800000000000011,LBSF_CLDY_2025-03-30,CLDY,1.0,0.9317647058823529,0.88,0.0,2025-03-30,CN,False,,LBSF,10.847332289745452,10.171491502477636,3.146731159514843,9.41195889594411,8.538190424181266,10.546958606515318,6.892911811984106,6.33222565380139,6.11889812048535,5.145528900678083,5.89491258006893,5.844239875452089,6.237413416772038,5.686454677808573,0.7337131340877353,0.7324015775327803,0.899150094681992,0.7331320451014883,0.7629283690371287,0.7331302200633109,0.8105935851845416,10000.0,11.0,7.0,,34,0,,10.029999999999973,10.300000000000011,3.1467311457246865,10.600000000000023,10.663225056666874,10.149999999999977,6.89273966979647,6.104673860018222,5.455121430301515,5.14552889809735,4.814128940494909,4.385133605689575,5.806945890335441,5.68642246267707,0.7475453824842785,0.6487147086464986,0.8991500951022485,0.5541677715478074,0.4995021545640857,0.7018842432117594,0.8105986339957882,6.1659494843520415,"[{'hour_utc': 18, 'regime': 'radiative',",0.7570134533330763,0.7486930619208944,0.7838806965929292,1.0038747446543277
2.2259592286495393,-4.8242924089741335,-8.160515018777346,-2.1999999999999886,LBSF_DYNM_2024-01-11,DYNM,0.28,0.04176470588235295,0.0,-6.154619409296799,2024-01-11,CN,False,,LBSF,,-2.37497958655365,-4.900004717011996,-2.655157672894518,-2.985912483886409,-2.234890543383244,-3.7653386917798457,,2.5794434906655503,1.6652297753716516,2.4778351912943846,2.411692250400145,2.630247640351133,2.3514355223985133,,0.7578073090315012,0.5280118941357014,0.7339441766979345,0.7232247838057582,0.7697388751982845,0.728399232875656,10000.0,-1.0,-5.0,,34,0,,-2.029478047402847,-2.294780474028073,-4.9000047152890716,-2.5895609480560893,-2.8973149710071198,-2.147390237014008,-3.765322764184475,2.539491259933122,2.269283716908029,1.6652297749141254,2.002637026287968,1.811315612872555,2.415639297416532,2.351431292765154,0.7311929278886121,0.6588388206451976,0.5280118939188807,0.5868407099691992,0.536785610564002,0.698099490067438,0.7283970389895192,2.3599377942348836,"[{'hour_utc': 18, 'regime': 'dynamic', '",0.8724359224598752,0.8388665265167667,0.8724359224598752,3.0116242339629835
1.3070317904212743,-5.568727390595154,-8.637552714235767,-3.1000000000000227,LBSF_DYNM_2024-01-13,DYNM,0.81,0.30294117647058827,0.0,-5.617552714235785,2024-01-13,CN,False,,LBSF,,-3.95997588364105,-6.446528869675603,-4.313984074379789,-4.632687053864856,-3.7829717882716523,-5.197876716119254,,2.290197862798975,1.5365286584896858,2.185607298235085,2.1017483600834352,2.34249314508092,1.9766802116461952,,0.7572194351262425,0.5499191410854467,0.7327701334681763,0.7129245924442026,0.7694440859552756,0.6818827488703846,10000.0,-4.0,-8.0,,34,0,,-3.1000000000000227,-4.0,-6.446528863033677,-5.0,-5.883386361161001,-3.5,-5.197818411132744,2.1760695372294356,1.9445310296184082,1.5365286572519095,1.7160437856488535,1.5507830053519758,2.0699418612780462,1.9766693461049494,0.6785751554648789,0.6413963029054391,0.5499191403385553,0.602820325521237,0.5750244101717936,0.6617521951990427,0.6818759566608062,2.156216827552867,"[{'hour_utc': 18, 'regime': 'dynamic', '",0.8586915527590055,0.8142931525577207,0.9477278907176234,3.0116242339629835
3.0176494041216433,2.671348517778449,-1.2847513250108022,3.6999999999999886,LBSF_DYNM_2024-01-25,DYNM,0.77,0.47411764705882353,0.25,-7.267578374633786,2024-01-25,CN,False,,LBSF,,4.990341444666456,-2.178080413221778,4.289792791717048,3.5663075056011166,,1.85938842414879,,3.6978055271989096,2.8125179248611922,3.678915046607843,3.660483897182668,,3.62882735154577,,0.6397677335984318,0.7287868349592153,0.6607056054182189,0.6832374880678054,,0.7463667094380385,10000.0,7.0,-1.0,,34,0,,5.914135248114803,5.141352481148317,-2.1780804101456397,4.282704962296634,3.4297512175454017,5.57067624057413,1.8548005323527832,3.9776501238453505,3.554418662420594,2.812517926129171,3.1367646351060285,2.8269210669930867,3.7836583258763623,3.6006515832614574,0.6465547740871396,0.6031516989246997,0.7287868351166568,0.5585443578152677,0.5290890089989013,0.6268670974775319,0.7411548908317345,3.8249472142301584,"[{'hour_utc': 18, 'regime': 'dynamic', '",0.8280145813027339,0.7860673976019761,0.854293861635098,5.353998638156415
2.5206386820728977,-0.5818250826703775,-2.9481010781907457,2.1000000000000227,LBSF_DYNM_2024-01-26,DYNM,0.97,0.3417647058823529,0.02,-6.9305378271567974,2024-01-26,CN,False,,LBSF,,2.9734883720930725,-2.679874213836456,2.2293023255813864,1.4863636363636488,,0.1227272727272748,,2.9229156917554007,2.209364331088547,2.9574642179074475,2.9911369893340867,,2.9726585690973737,,0.5845439304164579,0.5947598428667249,0.6167942999951397,0.6488558436120656,,0.6944739865938463,10000.0,5.0,-4.0,,34,0,,3.9121837448303154,3.1218374483028697,-2.6798742108862825,2.2436748966057394,1.384942805963533,3.5609187241514633,0.11437922894248231,2.9562566951335643,2.6417042041696703,2.2093643313388256,2.3312969527554115,2.109624264027384,2.812078842494038,2.8998753334299203,0.5532205687675102,0.5171152074843149,0.5947598428019356,0.4799490954107277,0.4571483057572991,0.536849839801572,0.678644110662069,2.9389302874720626,"[{'hour_utc': 18, 'regime': 'dynamic', '",0.8640040994557302,0.7723632433401675,0.8640040994557302,3.6808740637325346
1.7006999594215073,2.6089033550131377,0.3307741028151554,5.199999999999989,LBSF_DYNM_2024-02-03,DYNM,0.7,0.3158823529411765,0.13,-4.721880716809153,2024-02-03,CN,False,,LBSF,,7.411316700495945,0.892780293377939,6.98396552298982,6.529130385811129,,4.758296041712754,,3.1192103680966254,3.4688329998712297,3.1061855342576234,3.0962848107446397,,3.1743721539339314,,0.4560764027444376,0.7196895859437146,0.4621469428661558,0.46972381066250396,,0.5320758133936047,10000.0,8.0,-1.0,,34,0,,5.263274098121599,7.632740981215818,0.8927802859415692,10.265481962431636,12.401275785116809,6.316370490607937,5.243078784283512,3.433139349784711,3.0678452792480013,3.4688330009138877,2.7073651315761085,2.44041691449643,3.265703655632221,3.120228201382592,0.5841106554860226,0.4377025030106891,0.7196895865464348,0.31866513161052423,0.24921101949419686,0.5136275733533708,0.513872853403859,3.3547699049936313,"[{'hour_utc': 18, 'regime': 'dynamic', '",0.7638443271365334,0.6926566381831296,0.8230376811353968,3.0116242339629835
1.3456294146745202,10.384919693967015,1.680255463521803,11.300000000000011,LBSF_DYNM_2024-02-27,DYNM,0.53,0.13470588235294115,0.44,-10.334725084160596,2024-02-27,FA,False,,LBSF,,12.461485234049121,6.5392692593605375,12.242185552378487,11.87187455245379,12.571135074884467,10.391608760420183,,4.422458565607719,4.216674510688983,4.128584776486283,3.9231388612622244,4.569395460168436,3.9457111587164846,,0.45741611169779084,0.5862883418670741,0.4280927793542695,0.412272614540214,0.4720777778695516,0.4468549119342554,920.2648172577107,14.0,4.0,,34,0,,12.074902738412106,12.74902738412078,6.539269257394039,13.498054768241559,14.040765039346297,12.374513692060418,10.391582058964275,4.939658739534665,4.4140670092961,4.216674512130555,3.895401638535631,3.490465402418515,4.698749227743237,3.9457307328761373,0.5270811231773783,0.44537904825998664,0.5862883421430558,0.3694450743133949,0.3163626854977359,0.4890544693797114,0.4468579348667594,4.989240512986127,"[{'hour_utc': 18, 'regime': 'radiative',",0.6796334219903508,0.599329466505089,0.9949302354349159,2.342374404193431
0.8666417048935993,4.47686291030792,2.8189161046549884,7.199999999999989,LBSF_DYNM_2024-03-09,DYNM,0.86,0.3964705882352941,0.48,-2.241083895345014,2024-03-09,CN,False,,LBSF,,7.421553841673415,1.2756694848162624,7.035544256120147,6.560374197525448,7.614558634450077,5.296115442618486,,4.722610383308509,4.059308429134505,4.450580284761541,4.264772518757873,4.858625432581993,4.17874655518102,,0.6869081595638061,0.8158806057147929,0.656681410277791,0.642986326707836,0.7020215342068136,0.6717640817573746,10000.0,10.0,4.0,,34,0,,5.300000000000011,8.0,1.2756694717746768,11.0,13.41700994274646,6.5,5.295964262344228,4.5981087150422795,4.108858813504856,4.059308428039518,3.626056351106426,3.27100756338756,4.37385679450714,4.1787338619015735,0.7803151912574179,0.5715883588437447,0.8158806062609538,0.4061424035641595,0.31282304156134316,0.6791906802535193,0.6717691365387967,4.6334337360605184,"[{'hour_utc': 18, 'regime': 'dynamic', '",0.8917126799061983,0.8353791686713039,0.9135134292030015,5.353998638156415
1.0012705531739536,8.738421204961423,6.522437906073833,9.600000000000023,LBSF_DYNM_2024-03-10,DYNM,0.78,0.21823529411764703,0.0,-3.5033131815328034,2024-03-10,CN,False,,LBSF,,10.876220298356941,6.809089214471726,10.820875092976621,10.628374875433735,10.90389290104713,9.822381748548537,,6.3810605502275175,4.347476195411063,6.125816306036728,5.925021472398345,6.508682672322911,5.659998037583997,,0.7334586989863773,0.5912064759389603,0.6981973244148469,0.6755261807565257,0.7510893862721425,0.6648153072413813,10000.0,13.0,6.0,,34,0,,10.128755438033124,11.287554380331187,6.809089210630134,12.575108760662374,13.601283661961531,10.643777190165565,9.822329577494145,5.691603885890179,5.086003197250513,4.347476192127443,4.4883832431399,4.070293251528911,5.414021576567098,5.659953444430129,0.6923271097558868,0.5658468425511153,0.591206475655599,0.4525379673744074,0.38090359294746984,0.6329072074914245,0.664812449137204,6.028015990155836,"[{'hour_utc': 18, 'regime': 'dynamic', '",0.8846678895987221,0.8090827339731472,0.9563582396552118,4.684748808386862
1.0800595110156435,10.016305324150244,7.778358503835193,9.5,LBSF_DYNM_2024-03-11,DYNM,1.0,0.6464705882352941,0.26,-3.227641496164779,2024-03-11,CN,False,,LBSF,10.197187979436706,9.99889465429095,5.8473627290865124,9.778568737462365,9.338489981473117,10.109057612705215,8.395055807914162,6.3585207637807235,6.3421565119768015,4.881675054685929,6.323974009972443,6.24239553077862,6.351247762978981,5.977025479322536,0.7699935949847132,0.769363789162248,0.7040222617636154,0.7686640049150645,0.7722658551301039,0.7697136812858398,0.7686505971186485,10000.0,11.0,6.0,,34,0,,11.029999999999973,11.300000000000011,5.847362737235073,11.600000000000023,11.701841591586799,11.149999999999977,8.39516277756934,6.104673860018222,5.455121430301515,4.881675052832417,4.814128940494909,4.391316377193544,5.806945890335441,5.977001147548285,0.6986975649350194,0.6064191391138439,0.7040222611011795,0.5181253687954828,0.4663582892113856,0.6560655166761528,0.7686418042132885,6.4003263718896815,"[{'hour_utc': 18, 'regime': 'dynamic', '",0.8456160197606689,0.7862081101805223,0.9486007462973979,3.346249148847759
0.9999714567293893,5.786208151245944,-0.4174293558449449,6.300000000000011,LBSF_DYNM_2024-03-19,DYNM,0.96,0.36352941176470593,0.82,-7.397429355844963,2024-03-19,CN,False,,LBSF,,5.391705069124441,-2.6629707112970777,4.470046082949295,3.558558558558559,5.852534562211986,1.7582969432314144,,2.9992325460491585,3.0087530222784444,2.906821275167509,2.855875844679336,3.045438181489983,2.8520469661906573,,0.5021553319995652,0.8094056542650686,0.5128879020822429,0.5315527911884945,0.4967890469582263,0.5899647557925117,10000.0,8.0,-1.0,,34,0,,6.899999999999977,6.0,-2.6629707042867494,5.0,3.98806974172777,6.5,1.758370257558795,3.1867320242804396,2.8476563468692793,3.008753023445953,2.5130490807684778,2.2666451769729776,3.0313137572000324,2.8520591760784106,0.48364479084539685,0.455038368034273,0.8094056541619195,0.42544644939852455,0.40797971016348367,0.47069065052841996,0.5899641894508219,3.0916731313440153,"[{'hour_utc': 18, 'regime': 'dynamic', '",0.5301757188026682,0.5075880450501123,0.6490349114079101,3.0116242339629835
1.727127479179732,2.291557404758646,-1.1385769956550007,5.399999999999977,LBSF_DYNM_2024-03-25,DYNM,0.24,0.014117647058823528,0.0,-6.1445769956549725,2024-03-25,CN,False,,LBSF,6.1869811822728025,5.901637738001796,-1.4690285573927326,5.584589466589534,4.743032079218324,6.060161873707898,2.9589053369022054,3.29464967052562,3.2192720789610765,2.5525778411771807,3.135519199444917,3.0607838373250265,3.261148518719156,2.9190732976380893,0.5255232479442433,0.5175929149651038,0.6207420207122555,0.508781433877171,0.5205457498585527,0.5219986555090702,0.5501065270913551,10000.0,7.0,-2.0,,34,0,,5.029999999999973,5.300000000000011,-1.4690285747876146,5.600000000000023,5.743910802370237,5.149999999999977,2.9587160989026415,3.433139349784711,3.0678452792480013,2.5525778436869477,2.7073651315761085,2.445184924843638,3.265703655632221,2.919100601239255,0.5937217400110988,0.5148027959540876,0.620742022084285,0.43937259938012596,0.38894781589111704,0.5572516895615053,0.5501187170370843,3.3406856515641614,"[{'hour_utc': 18, 'regime': 'radiative',",0.830884401309032,0.7059347136236587,0.919811386971744,2.0077494893086554
2.0877722985358202,9.535983497576126,7.078928705559235,11.5,LBSF_DYNM_2024-03-27,DYNM,0.6,0.15823529411764706,0.02,-4.927071294440736,2024-03-27,CN,False,,LBSF,12.524187773611288,12.574089434993596,9.093791068414077,12.565396675419208,12.162706894421149,12.54636628978119,11.361770729825764,7.194943582200133,7.07347955953019,6.038832460554859,6.94872746491919,6.886681229571975,7.140959572124602,6.701948419601245,0.7451135814642823,0.7207574347703224,0.695633878648543,0.6980554569155082,0.7021388385621179,0.7342886273780779,0.7033631329056651,10000.0,13.0,7.0,,34,0,,12.029999999999973,12.300000000000011,9.09379106125715,12.600000000000023,12.799836138000558,12.149999999999977,11.361666414772174,6.544373533644215,5.848035892178182,6.038832452580175,5.160874736081761,4.743036586213971,6.225201157831847,6.701832184909674,0.7004046707018365,0.6079932591624541,0.6956338780957725,0.519557429880946,0.4662040623559611,0.6577130129923788,0.7033560232202816,6.715399656314474,"[{'hour_utc': 18, 'regime': 'dynamic', '",0.9184041944353749,0.8554183632398745,0.9405568396655828,5.019373723271639
2.667009483242642,9.051049037954693,4.101354844548098,11.199999999999989,LBSF_DYNM_2024-10-01,DYNM,0.0,0.0,0.0,-8.87864515545192,2024-10-01,CN,False,,LBSF,,12.003185548587282,6.913479136853027,11.5476044639301,10.969455095916317,12.230976090915874,9.516696449257324,,4.074868472047961,3.628490181871283,4.0176997125599065,3.9700058654450294,4.103452851791988,3.9027561454149637,,0.4339124116142505,0.4894540943479072,0.43576757344351996,0.44245990581754424,0.43298483069961574,0.46830294068113243,10000.0,14.0,1.0,,34,0,,12.899999999999977,12.0,6.913479139950425,11.0,10.06007643895066,12.5,9.516737754939015,4.277832266851423,3.8226606290601683,3.628490182845605,3.3734873398086536,3.0442004877362048,4.0692004130134185,3.90276913862312,0.4320192138773077,0.4054850096193471,0.48945409436817655,0.3780816242346468,0.3593042091203963,0.4199983918919683,0.4683031813267779,4.176176748466725,"[{'hour_utc': 18, 'regime': 'dynamic', '",0.6056987925396836,0.5514189186355939,0.8934516894413981,3.0116242339629835
2.373133386565987,15.239352356317932,12.046000050774296,15.800000000000011,LBSF_DYNM_2024-10-03,DYNM,0.07,0.01764705882352941,0.0,-6.933999949225722,2024-10-03,CN,False,,LBSF,,17.923708619628826,14.71705662774849,18.456714430800105,18.511628520865656,17.657205714043187,17.851164972325478,,6.652401514860548,7.06218411091161,6.294464551965116,6.227710180238771,6.831369996308264,6.509959663316119,,0.4814051515992226,0.5638149019902811,0.43435940790595035,0.4219599484281044,0.5049280234458586,0.4497492730190168,10000.0,23.0,8.0,,34,0,,18.899999999999977,18.0,14.71705663391873,17.0,16.163437854502092,18.5,17.851272394125033,5.691603885890179,5.086003197250513,7.062184106100861,4.4883832431399,4.108591544658815,5.414021576567098,6.509875909988347,0.38871860806389386,0.36405963831152616,0.563814901387198,0.33863002270566916,0.32246514407795235,0.37754314603695666,0.44974045835894255,6.261491318702033,"[{'hour_utc': 18, 'regime': 'dynamic', '",0.6347734426156051,0.5500209606633347,0.8818862040252018,4.015498978617311
1.1362937244645062,7.3525799160355065,2.2050990274107676,9.699999999999989,LBSF_DYNM_2024-10-17,DYNM,0.05,0.0029411764705882353,0.05,-5.834353697235088,2024-10-17,CN,False,,LBSF,,,5.2238425939538615,10.43335600834223,9.888328012243164,,8.56402295936988,,,4.631663684422881,5.409879941831231,5.3184584306529885,,5.049854295666218,,,0.7116084916269836,0.6400503743139797,0.645011745003688,,0.653932792720338,10000.0,12.0,3.0,,34,0,,8.197263623229162,9.97263623229145,5.223839906781961,11.9452724645829,13.222233899601576,8.986318116145696,8.563170847474112,4.939658739534665,4.4140670092961,4.631663233687598,3.895401638535631,3.7039942215906736,4.698749227743237,5.0497113658807145,0.6855137354110095,0.5366660356447759,0.7116085531340538,0.4095651833981111,0.36217401339232486,0.6147328416063176,0.6539527705018339,5.133798921749433,"[{'hour_utc': 18, 'regime': 'dynamic', '",0.8355526055000126,0.7575516175326167,0.8507662875171271,3.0116242339629835
0.6533286350085272,4.946025102535475,1.056412808761877,8.5,LBSF_DYNM_2024-10-19,DYNM,0.04,0.0023529411764705885,0.0,-5.983148054146454,2024-10-19,CN,False,,LBSF,,,4.7050912227736035,9.309459310640761,9.00639082407082,,7.893602101754425,,,3.9493866014059362,3.929976481135084,3.822397224939372,,3.7047355893324845,,,0.6287827740232793,0.500816316678475,0.49128431789845795,,0.501637363767933,10000.0,11.0,0.0,,34,0,,7.197804314541713,8.978043145416848,4.705089009769722,10.956086290833639,12.099776423140327,7.9890215727083955,7.892738208962896,3.9776501238453505,3.554418662420594,3.9493866086255665,3.1367646351060285,2.9673727066093623,3.7836583258763623,3.7047384076678744,0.5913887879839212,0.46241000742720156,0.6287828525894986,0.3524298650759193,0.31193780490301404,0.530034354317616,0.5016665805276967,3.9703199031565672,"[{'hour_utc': 18, 'regime': 'dynamic', '",0.7474254168600186,0.6937701622826051,0.8316133036813751,3.3462491488477593
2.9671587415037437,4.508236617913587,2.050698763785249,7.399999999999977,LBSF_DYNM_2024-11-04,DYNM,0.29,0.018823529411764708,0.0,-5.959683559838652,2024-11-04,CN,False,,LBSF,,,4.890801335042909,8.109147211008178,7.493768351686072,,6.701726558363134,,,3.1530578690798055,4.023127774071274,4.121131011264855,,4.117972913835323,,,0.49387321695003283,0.5571735226432218,0.587772287430914,,0.6049423250635549,10000.0,10.0,1.0,,34,0,,8.051911618119618,8.519116181195841,4.890800829586681,9.038232362391625,9.071854731157885,8.25955809059792,6.701504054882548,3.9776501238453505,3.554418662420594,3.1530579395655804,3.1367646351060285,3.0672996057267876,3.7836583258763623,4.118003941901198,0.5575307634522314,0.47716825279540187,0.49387324873894567,0.40143267285335404,0.393480758747812,0.5202599127079431,0.6049559981029335,3.933545094820503,"[{'hour_utc': 18, 'regime': 'dynamic', '",0.7749164892625084,0.7116695798284354,0.7977112115738181,4.015498978617311
0.7344460599956429,2.323867329495067,-1.1510918515654112,5.100000000000023,LBSF_DYNM_2024-11-05,DYNM,0.0,0.0,0.0,-5.1931176456280355,2024-11-05,CN,False,,LBSF,,,2.9098317960098825,6.97258891458614,6.381667659634672,,5.103071612627048,,,3.1778931762284417,3.500753943456976,3.3755019320780897,,3.282993083384477,,,0.5755262731307302,0.5256716507585434,0.5215951281398501,,0.5419701400515524,10000.0,5.0,-3.0,,34,0,,4.210128970313008,6.101289703130476,2.90982898008383,8.202579406260952,9.692870539611818,5.05064485156521,5.102192462470896,3.1867320242804396,2.8476563468692793,3.177892885077981,2.5130490807684778,2.352163147984726,3.0313137572000324,3.2829021843446307,0.5839367982055358,0.45180116662068676,0.5755263344951241,0.34045630349151945,0.2902087462532043,0.5208929683862257,0.5419876926509828,3.3774050844412016,"[{'hour_utc': 18, 'regime': 'dynamic', '",0.792582182800836,0.7123604881778831,0.8161390403709576,3.680874063732534
2.8991150942662274,-3.2294726064880477,-8.518855445793122,-0.5,LBSF_DYNM_2024-11-21,DYNM,0.24,0.045294117647058825,0.0,-6.573427912951104,2024-11-21,CN,False,,LBSF,,-0.2699534771097092,-4.019291326707446,-0.07712867339114382,-0.4762971878008102,-0.3663658789690203,-1.6587182695215574,,3.280543028931125,0.9481513064772507,3.1030477045196623,2.905628647815937,3.369290691136856,2.428041061227547,,0.8234606497428199,0.27701218166958474,0.7576878539162599,0.7193552663009891,0.8563470476560998,0.6365864331102853,10000.0,-0.0,-4.0,,34,0,,-1.727137664210204,0.7286233578978454,-4.019291345536487,3.4572467157957476,5.587230118220191,-0.6356883210510773,-1.6588992671413507,2.9562566951335643,2.6417042041696703,0.9481513011832903,2.3312969527554115,2.105160597943549,2.812078842494038,2.427990171993163,0.8324015342258627,0.6142045197302003,0.2770121805862661,0.4398683993171102,0.3429131681509197,0.7268995065546373,0.6365822429154605,2.940542473211553,"[{'hour_utc': 18, 'regime': 'radiative',",0.961067050869952,0.9276101490584532,0.9919014013913943,1.3384996595391037
3.4481903240769802,2.146031665202986,0.5361174497443812,0.8999999999999773,LBSF_DYNM_2024-11-26,DYNM,0.47,0.2364705882352941,0.02,-3.5119315005871954,2024-11-26,CN,False,,LBSF,,6.712344941293111,4.699980621403483,8.162477670487533,9.612610399681955,,8.05996302529337,,4.141527464531524,3.835941293289357,3.7590548775365753,3.3765822905416267,,3.3776608157232726,,0.6396126046338673,0.607602040977761,0.527683557757752,0.41575451088163684,,0.4506469404172755,10000.0,4.0,-0.0,,34,0,,4.24024475165794,6.402447516579514,4.699980616291157,8.804895033159028,10.193243517494352,5.201223758289757,8.059127802185742,3.6964410821784655,3.3031310088041366,3.835941292341549,2.9150040591317548,3.064841585657131,3.5161640110071732,3.3775059682195643,0.6759019505062525,0.5131871855207882,0.6076020410467883,0.3789364829991573,0.3629436370724858,0.5978560444503402,0.4506513797571083,3.675614744791048,"[{'hour_utc': 18, 'regime': 'radiative',",0.8324207209433373,0.7825923616772626,0.9218817455827387,0.6692498297695518
2.5424713731168196,0.28430009441000265,-3.388647466816792,2.0,LBSF_DYNM_2024-12-15,DYNM,0.73,0.44411764705882356,0.4,-5.395530441271774,2024-12-15,CN,False,,LBSF,,,-3.7441160439518058,1.6492310723953096,0.8577918590429476,,-0.6146583822144862,,,2.765113158290625,3.257119234328075,3.260700886522253,,3.0967432001509736,,,0.8094590806711814,0.7099076829698712,0.7425141823774246,,0.7653029118436282,10000.0,4.0,-1.0,,34,0,,2.034414872275022,2.3441487227502193,-3.7441160449072868,2.688297445500382,2.3239693256094824,2.1720743613751097,-0.6147882933822757,3.433139349784711,3.0678452792480013,2.7651131588105975,2.7073651315761085,2.664642019201326,3.265703655632221,3.096813898974051,0.7346413097552771,0.6348396660400701,0.809459080881212,0.5397979030094447,0.5490936423486719,0.6884778874737318,0.7653263071000471,3.3735800473192064,"[{'hour_utc': 18, 'regime': 'dynamic', '",0.8622747088731889,0.8213819340108339,0.9331552135029573,4.350123893502087
2.9649234111510583,0.8505658290363612,-5.8250106973174525,3.0,LBSF_DYNM_2024-12-16,DYNM,0.51,0.20176470588235293,0.03,-10.82284463655202,2024-12-16,FA,False,,LBSF,,,1.178923014474833,4.472876539295385,3.7212422058757966,,2.374270147088396,,,3.4486674736948846,3.051180488422275,3.06006834517062,,3.024924961754212,,,0.7071250827107044,0.5467641587103784,0.5713355410348026,,0.605993044767789,722.3521358766901,5.0,-2.0,,34,0,,4.989169696172951,4.891696961729792,1.1789231588417692,4.783393923459528,4.531083262997413,4.945848480864868,2.3743146574149705,3.433139349784711,3.0678452792480013,3.4486678301512304,2.7073651315761085,2.480232439628928,3.265703655632221,3.0250348621663568,0.5954248347860759,0.5297857621472966,0.7071251498320351,0.4653074451288034,0.4309529813506543,0.5653032472082704,0.6060122958851737,3.4618765821416453,"[{'hour_utc': 18, 'regime': 'radiative',",0.9613057215984284,0.8204489906610087,0.9949326502303414,1.6731245744238796
1.6058530220337939,8.392858021096071,5.147909308501028,4.899999999999977,LBSF_DYNM_2025-01-24,DYNM,0.96,0.45647058823529413,0.96,-3.8320906914989905,2025-01-24,MISS,False,,LBSF,,7.940221332793726,3.3772932629597676,8.296649291666881,8.39835057853594,,7.289363216991376,,5.864677904920039,5.3917033935088945,5.709496659633558,5.575272600712426,,5.415433834681487,,0.8256307763272747,0.9341643114214345,0.7751377064184882,0.7411511651532418,,0.7583504843701988,10000.0,9.0,4.0,,34,0,,8.899999999999977,8.0,3.377293267537027,7.0,6.127046198231994,8.5,7.28942010520268,6.104673860018222,5.455121430301515,5.391703394409619,4.814128940494909,4.3345508437153075,5.806945890335441,5.415445029110425,0.8073153609910697,0.7589304740032286,0.9341643112730743,0.7089069137219142,0.6696554119683342,0.7854015558908773,0.7583490676892896,6.154003919089206,"[{'hour_utc': 18, 'regime': 'radiative',",0.8618690767476236,0.8436493192725258,0.8906685185275396,2.342374404193431
0.8766810781130119,2.783384837877702,-1.5259479270197858,3.5,LBSF_DYNM_2025-03-02,DYNM,0.77,0.4129411764705882,0.74,-5.517652537513868,2025-03-02,CN,False,,LBSF,,,-3.9429457819032336,2.6558114495556424,1.7748088940517732,,0.20306889051272492,,,3.126990130059243,3.2926318291047627,3.2156816652216267,,3.2728938393750897,,,0.9291505615688552,0.6668411106855786,0.6850448527817092,,0.7628343774223535,10000.0,5.0,2.0,,34,0,,3.9585230524703547,3.585230524703718,-3.9429457807797803,3.170461049407379,2.439058387190869,3.7926152623518306,0.20322440302601308,3.9776501238453505,3.554418662420594,3.1269901315744737,3.1367646351060285,2.916329967827525,3.7836583258763623,3.2731035802204302,0.7419220126162885,0.6732016075968059,0.9291505619394044,0.6043402727762777,0.5891747920771151,0.710546802802423,0.7628719470251936,3.74046034732672,"[{'hour_utc': 18, 'regime': 'dynamic', '",0.7631928806899881,0.7586290854251267,0.9101506075481437,3.3462491488477593
1.65155608832333,6.676554492020489,2.126852801792438,9.199999999999989,LBSF_DYNM_2025-03-08,DYNM,0.0,0.0,0.0,-6.933147198207564,2025-03-08,CN,False,,LBSF,,12.025485166974192,7.5072527658567765,12.374121621097174,12.207937413617799,11.851166939912673,10.690105841140053,,1.997582622954459,1.7725564849075914,2.041058654741604,2.1188041610470156,1.9758446070608868,2.3149532618353144,,0.21228217903666619,0.22958701637239698,0.20936617705063612,0.2177275439017462,0.2137401800296812,0.2561966424532941,10000.0,16.0,-8.0,,34,0,,9.300000000000011,12.0,7.507252753261184,15.0,17.468384243726405,10.5,10.689934804203517,2.9562566951335643,2.6417042041696703,1.7725564895548764,2.3312969527554115,2.088768124748499,2.812078842494038,2.315016367919578,0.38045635822230833,0.2801935391149237,0.229587017163298,0.2002221004495342,0.1520507867966419,0.33195650150476586,0.2562065663566201,2.7671240182724177,"[{'hour_utc': 18, 'regime': 'dynamic', '",0.49501229350409764,0.4287054222239841,0.6227364358982411,3.0116242339629835
1.2348650766718,16.091061508819667,8.145602099483483,14.600000000000023,LBSF_DYNM_2025-03-13,DYNM,0.47,0.19999999999999998,0.42,-10.834397900516535,2025-03-13,CN,False,,LBSF,,,8.926157771716532,13.773430312416451,13.345726691693642,,12.295354430140549,,,6.131962958764143,7.873661712968935,7.580185654557307,,7.06248415533689,,,0.7157225785954724,0.7285922397513707,0.712688556570095,,0.6944003881287351,10000.0,20.0,5.0,,34,0,,18.899999999999977,18.0,8.92615785843526,17.0,15.85130128586394,18.5,12.296640431052765,5.846894926488384,5.224770859158788,6.131962924199695,4.610845274952861,4.33817924833977,5.561738983745443,7.061971579552522,0.38856858232048863,0.36392975635538843,0.7157225707265072,0.33851974448076916,0.34417309637125015,0.37740238524942227,0.6942917680875569,5.9055830922078805,"[{'hour_utc': 18, 'regime': 'radiative',",0.5319670724742046,0.47381014728727056,0.9535393375512783,2.0077494893086554
8.82863935534496,15.128565174761821,6.5322717532187085,15.300000000000011,LBSF_DYNM_2025-03-14,DYNM,0.01,0.0005882352941176471,0.01,-11.473728246781263,2025-03-14,CN,False,,LBSF,17.614821378215254,18.26387185592432,12.89048714153057,18.985039053378898,18.687088686411528,17.90328825719706,17.04034054719432,5.150555452987527,4.901524588010582,4.4879162689535255,4.624823626925088,4.531323991738633,5.039875068553329,4.5306900160452654,0.38246076936252776,0.3473869546902099,0.40411020997786384,0.3084160494987457,0.30358338268814344,0.36687240728594206,0.3296543222193322,10000.0,21.0,4.0,,34,0,,18.029999999999973,18.30000000000001,12.890487143546409,18.600000000000023,18.804602855980136,18.149999999999977,17.040373820729883,5.303722477599632,4.739393399809364,4.487916269939172,4.182501170492614,3.7644662348794706,5.045057367784355,4.530706285404863,0.3830169106216627,0.33276162521966185,0.40411021001154107,0.2846233466582498,0.2500648926019778,0.35980583712174774,0.3296547894944627,5.363458600413879,"[{'hour_utc': 18, 'regime': 'dynamic', '",0.570738161915981,0.47280972080478395,0.8461393714114318,2.0077494893086554
1.2999116492636213,19.211235629767703,10.668378577562976,18.100000000000023,LBSF_DYNM_2025-03-15,DYNM,0.31,0.021176470588235293,0.0,-12.337621422436996,2025-03-15,CN,False,,LBSF,21.905276207533348,21.79797544847537,15.01252028311319,21.67875238285535,20.925820230477427,21.85758698128535,19.184981861391122,4.6808495349879395,4.6381870733273045,4.306924176519417,4.590784338148823,4.590397487012268,4.661888440916546,4.58152013298724,0.2642918828587086,0.26064932547399666,0.33543365610598747,0.2566020394909835,0.2662323449978301,0.26267296846550325,0.289800064149459,10000.0,25.0,1.0,,34,0,,23.029999999999973,23.30000000000001,15.012520289667464,23.600000000000023,23.662100908067032,23.149999999999977,19.185097877323244,4.939658739534665,4.4140670092961,4.306924178434497,3.895401638535631,3.5287503415614587,4.698749227743237,4.581554031357213,0.25989429692593247,0.22592986951383826,0.335433656108536,0.19337397153594213,0.1734434958759433,0.2442101181016168,0.28980005416476,5.055936064951597,"[{'hour_utc': 18, 'regime': 'dynamic', '",0.3946493600051128,0.34210882511174745,0.7148234352747775,3.3462491488477593
1.7101294554283433,13.73876889341559,9.30791425947524,12.5,LBSF_DYNM_2025-03-24,DYNM,0.18,0.07588235294117647,0.01,-5.685590150949793,2025-03-24,CN,False,,LBSF,,14.818746459780812,10.044104740617115,15.002034231114862,14.997017294481907,,13.480545757480627,,6.49322528266731,5.378119453879985,6.014045532565788,5.6348814204766375,,5.6766783003973025,,0.5761701018364705,0.5878705854658184,0.5214476877925239,0.48184214436083983,,0.5235660223955716,10000.0,15.0,9.0,,34,0,,14.967522052125219,14.675220521252072,10.04410474127235,14.350441042504087,14.02773544996819,14.837610260626036,13.43002364777368,7.012217771518882,6.26610026200299,5.378119454834006,5.529815247533135,4.9564252778473605,6.670228362981341,5.6413219026097385,0.6178027187841002,0.5566801464448246,0.5878705855437298,0.4958565669638431,0.448726347835635,0.5898465873230525,0.5218405231029077,7.082602876908943,"[{'hour_utc': 18, 'regime': 'radiative',",0.7164765857475688,0.6781480539589906,0.9113300003777649,1.0038747446543277
1.1756897447181536,20.192225584067785,17.059276309810457,22.899999999999977,LBSF_DYNM_2026-07-21,DYNM,0.85,0.24058823529411763,0.0,-5.000723690189545,2026-07-21,CN,False,,LBSF,,24.1216751181762,17.65364692989209,23.48456284193719,22.794583987237786,24.440231256295704,21.03975417602919,,10.954344644696711,6.75470343811916,10.737361911304006,10.554073338726024,11.062836011393061,10.426418424801698,,0.5355959462650451,0.446512411016328,0.5397700949142175,0.5476773016953498,0.5335088719404589,0.5899624911024217,10000.0,30.0,8.0,,35,0,,22.30000000000001,25.0,17.653645600456912,28.0,30.407831653341418,23.5,21.603622986876815,10.505424799352207,9.387620794975671,6.754703203506946,8.284547449235742,7.4927493053620875,9.993069673729083,10.199640364651575,0.5785905312896275,0.432402512857017,0.446512447527471,0.31369894620900235,0.24683096811765756,0.5081914330683011,0.5676796524759282,10.951523531882792,"[{'hour_utc': 18, 'regime': 'radiative',",0.7770675411100808,0.6923964160845713,0.8311437201184675,2.0077494893086554
1.0299639080967975,18.34887545395669,11.924463037150872,19.100000000000023,LBSF_DYNM_2026-07-22,DYNM,0.78,0.26764705882352946,0.78,-8.055536962849146,2026-07-22,CN,False,,LBSF,,18.712663755458493,10.564015904572557,17.926637554585113,17.088412017167343,19.105676855895183,15.199999999999989,,8.332945944623035,8.465127957308583,8.289259753734095,8.271602621549738,8.354789040067503,8.341982110708727,,0.5728317574484438,0.8923374187147612,0.5922408079052534,0.6166645881072129,0.5631272322200391,0.6858749905065902,10000.0,22.0,10.0,,35,0,,19.899999999999977,19.0,10.564015906892678,18.0,17.00769370461319,19.5,15.20003631994382,7.509798872323542,6.710737413653369,8.465127955116431,5.922206156638631,5.396602801168231,7.143542147142189,8.34194779397846,0.4812134374980178,0.4505370880289955,0.8923374183459432,0.4189090806029041,0.4032290509825718,0.46731010235010545,0.6858705361673814,7.5851784529718085,"[{'hour_utc': 18, 'regime': 'radiative',",0.6105764161026714,0.5395774866656113,0.8185911542638438,1.6731245744238796
0.7949838955010441,14.97736494803803,10.944211401905875,15.100000000000023,LBSF_DYNM_2026-07-24,DYNM,0.64,0.24294117647058822,0.05,-4.061788598094097,2026-07-24,CN,False,,LBSF,15.187452082437915,14.579969625769309,8.414828242127214,13.904989118359765,13.18945665470443,14.917459879474109,11.743966409261247,8.026219947994388,7.795634711237094,4.814569190138239,7.539428892617878,7.337829775689164,7.923737620546701,6.889795695360228,0.6975031488466237,0.6970818711996865,0.5819176971484336,0.6966137849253119,0.7024865892041336,0.6973159143368738,0.7072506827390197,10000.0,15.0,12.0,,35,0,,15.029999999999973,15.300000000000011,8.414828240789518,15.600000000000023,15.693569804331844,15.149999999999977,11.743947252697978,9.198132124054899,8.219427528435606,4.814569198105154,7.253620509893952,6.493196088636013,8.749534414552027,6.88990978858203,0.8070842169796596,0.7009032354169707,0.5819176981520987,0.599241136386564,0.528109927520844,0.7580374358479506,0.7072631983027546,9.290458366543296,"[{'hour_utc': 18, 'regime': 'radiative',",0.8250646435561312,0.8188079672430131,0.9719364768233604,1.6731245744238796
2.350341143010447,18.406367527680892,11.806011061387323,19.5,LBSF_DYNM_2026-07-25,DYNM,0.04,0.005294117647058823,0.02,-10.173988938612695,2026-07-25,CN,False,,LBSF,,20.800566111607623,13.234385852900857,20.46044461909895,19.853527000686313,20.97062685786193,18.07335751446385,,5.9686628015299625,5.483436049195743,5.653243273741428,5.501066648200585,6.12637256542423,5.532744190311691,,0.35809820629088934,0.4837954401918876,0.3424913610051107,0.34283211188543083,0.36590162893377864,0.3772135064377777,10000.0,23.0,8.0,,35,0,,21.899999999999977,21.0,13.234385856073459,20.0,19.04387173245084,21.5,18.073410847970933,6.544373533644215,5.848035892178182,5.483436050589078,5.160874736081761,4.638493353971556,6.225201157831847,5.532767612905856,0.3695650019018386,0.3457839513491224,0.4837954402127076,0.32127560252902526,0.30341523144993493,0.3587856242523854,0.3772138068111321,6.579316854522888,"[{'hour_utc': 18, 'regime': 'dynamic', '",0.5497268343218216,0.4690205308618377,0.8053216407779575,3.0116242339629835
1.6317930231251456,24.04223803026622,16.836077498742725,23.399999999999977,LBSF_DYNM_2026-07-26,DYNM,0.17,0.023529411764705882,0.0,-10.16036629894171,2026-07-26,CN,False,,LBSF,,26.561538461538476,19.43984526112189,26.17692307692306,25.55000000000001,26.753846153846155,23.875806451612902,,6.448318475178596,5.219209265409734,6.110625453715191,5.879426949870387,6.617164985910299,5.606744238999432,,0.2700490149249021,0.3073739330050235,0.25898363950563463,0.2560465597318163,0.2755817026345358,0.2646127988650083,10000.0,31.0,8.0,,35,0,,26.982218988422233,26.82218988422227,19.439845261407015,26.64437976844448,26.378493907086465,26.911094942111106,23.875812289068904,7.012217771518882,6.26610026200299,5.219209266421526,5.529815247533135,4.957446909001025,6.670228362981341,5.6067649522298915,0.2890499552174418,0.25807155214996347,0.3073739330585101,0.2275322462335203,0.20514654199787818,0.2748470334080202,0.26461367456562834,7.5881314983691315,"[{'hour_utc': 18, 'regime': 'dynamic', '",0.5102836921852271,0.381493639933087,0.8050581289227631,1.6731245744238796
1.3728840259388264,21.59776039596552,16.715887039431948,23.0,LBSF_DYNM_2026-07-27,DYNM,0.54,0.18176470588235297,0.0,-7.302980459796061,2026-07-27,CN,False,,LBSF,,24.42759423771463,17.453396470181815,24.15430967882179,23.653265879976914,24.56423651716102,21.90796392033826,,10.387700176453851,9.033472677819155,10.011487444090596,9.747557483199644,10.57580654263548,9.586093973590522,,0.49735959830040277,0.604460207512087,0.4818094357711055,0.4786011048772238,0.5051346795650514,0.5124577884260794,10000.0,28.0,14.0,,35,0,,24.09433749613993,24.943374961399627,17.453396468754022,25.886749922799254,26.568800527872327,24.471687480699813,21.92244154250659,10.505424799352207,9.387620794975671,9.033472677779217,8.284547449235742,7.4687152790393245,9.993069673729083,9.574755680259747,0.5173135126714472,0.43392878077950425,0.604460207565232,0.3570276825292041,0.30662590511336213,0.4784274864752363,0.511603037079772,11.064951288669256,"[{'hour_utc': 18, 'regime': 'dynamic', '",0.7622272314371823,0.6431307522652497,0.90471665443039,1.6731245744238796
1.054886756612899,16.60431562883492,10.128183661729565,17.5,LBWN_CDRY_2024-09-23,CDRY,0.07,0.00411764705882353,0.0,-7.898838646025524,2024-09-23,FA,False,,LBWN,,19.552443672929485,15.939310703144258,19.609840993522027,19.667238314114627,,19.449779943680994,,11.052772342528367,5.408862833013053,10.34429956990209,9.63582679727581,,8.082343769610617,,0.7639691034986966,0.4240136628728056,0.7049694405222664,0.6459697775458361,,0.5363714781999765,498.6665721873944,21.0,15.0,,34,0,,18.135111538775448,19.351115387754362,15.93931069480243,20.70223077550878,21.236802368960923,18.67555769387718,19.44925841945701,8.16518840732923,7.296391763457136,5.408862818004717,6.439044306325649,6.914674485479862,7.766967957349439,8.081405459020253,0.6172211506558264,0.5047974354374342,0.42401366198961316,0.4039851631761442,0.4247846237547221,0.5644178508134403,0.5363296863142933,9.826658512024231,"[{'hour_utc': 18, 'regime': 'advective',",0.9663446352743608,0.8271226447109761,0.994997304453849,2.0077494893086554
1.0522753859449,6.753955469058496,0.9144489159375553,7.899999999999977,LBWN_CDRY_2024-10-20,CDRY,0.13,0.01411764705882353,0.0,-9.070514911382759,2024-10-20,CN,False,,LBWN,,,5.581247392485693,,7.933710377294005,,7.023946914886494,,,2.130526126829553,,4.017629304855783,,3.707140446932772,,,0.33994028925775366,,0.5929659749501246,,0.5684964178631354,10000.0,11.0,3.0,,34,0,,9.924819136601684,9.248191366016897,5.581247413389804,8.496382732033794,7.7763939818131576,9.624095683008477,7.024147471888398,4.690790272740609,4.191678807589966,2.1305261343327566,3.69914473935861,3.325814612400606,4.462018219298351,3.707212433583321,0.6093594040214719,0.5639231234574766,0.339940289941531,0.5175417687579646,0.4839327813613122,0.5887134487425166,0.5684993365782184,4.587683327392955,"[{'hour_utc': 18, 'regime': 'radiative',",0.8565869853700874,0.7472918891225999,0.8636127898674171,0.6692498297695518
2.5638596209832127,4.64018906615961,-1.1010160434555019,7.899999999999977,LBWN_CDRY_2024-10-21,CDRY,0.1,0.0058823529411764705,0.0,-9.118508943696725,2024-10-21,FA,False,,LBWN,,,8.920775649399161,,9.97959361205875,,9.690076374349701,,,2.192800219977051,,3.774252501522143,,3.0627460291071706,,,0.2785347718093421,,0.4853165112565762,,0.3918576994069668,654.214703669856,9.0,6.0,,34,0,,8.087464501206,8.874645012059943,8.92077562735318,9.749290024119944,10.51397033244234,8.437322506029943,9.689865068996028,5.036362633649853,4.5004813525324945,2.192800231638801,3.9716620287806315,3.525706229978674,4.790736817289405,3.0628578038140852,0.7416973244179523,0.6210636608910806,0.2785347736402381,0.510065636230056,0.42525040612305715,0.6854072209360472,0.3918779849601301,4.756675249840635,"[{'hour_utc': 18, 'regime': 'radiative',",0.9837985590148791,0.8947350278997405,0.9948061895072186,1.3384996595391037
1.1333380444643277,2.9532579731352255,-3.4591120922325445,2.5,LBWN_CDRY_2024-11-05,CDRY,0.19,0.05705882352941177,0.0,-8.45069049811724,2024-11-05,CN,False,,LBWN,,,0.1999887063432766,,3.6700816662468014,,2.6241421420548363,,,1.1584335761733533,,2.7587037550445173,,2.68553418653533,,,0.27291646545866743,,0.548965008692374,,0.5615572281994693,10000.0,6.0,-5.0,,34,0,,4.957892029423363,4.578920294233967,0.19998871870598123,4.157840588467877,3.727007250277836,4.7894601471169835,2.624255130299616,3.0266108560530425,2.704572495725361,1.1584335797999137,2.3867780253240944,2.1606673582461973,2.8790017904967042,2.6855673311305206,0.5540168010801307,0.5028169191795231,0.27291646591434626,0.4515004243759712,0.41733475333517933,0.5306421755090496,0.5615595311841796,2.986350095429402,"[{'hour_utc': 18, 'regime': 'radiative',",0.6708099488739393,0.63220288758046,0.9810725405930214,1.0038747446543277
2.9688811518034983,2.5963559438174912,-2.170719362198952,4.699999999999989,LBWN_CDRY_2024-12-19,CDRY,0.24,0.13176470588235295,0.0,-7.230719362198954,2024-12-19,HIT,False,,LBWN,,8.867146066482348,8.180412036584528,9.583663864753532,10.217329823117723,,10.88329801694914,,5.201148693488498,2.996425573797548,4.880448801631019,4.542470789430657,,3.757585623060327,,0.7264129787488689,0.39202409230453183,0.6431994155216901,0.5639130148185266,,0.43449613865352754,662.6920363991935,6.0,5.0,,34,0,-6.0,5.300000000000011,8.0,8.180412015699858,11.0,13.645993902976329,6.5,10.883114684003033,4.690790272740609,4.191678807589966,2.996425570567244,3.69914473935861,3.3163302191974884,4.462018219298351,3.7575572663583263,0.8383375306092714,0.6141542151385181,0.3920240924452989,0.4364485796529363,0.32454411835291175,0.7297257262810124,0.4344982561654035,4.362861159919147,"[{'hour_utc': 18, 'regime': 'radiative',",0.9932642971710625,0.9448129479158807,0.9948148772091282,1.3384996595391037
1.3817255920180267,2.7104085418624893,-4.267337942033066,1.8000000000000114,LBWN_CDRY_2024-12-31,CDRY,0.22,0.14647058823529413,0.17,-8.275888321804757,2024-12-31,FA,False,,LBWN,,,7.391533145256631,,5.7328385024313775,,7.5375028972907785,,,2.7126322801550864,,3.6571439906692342,,3.2445976578893885,,,0.38096176843460133,,0.632711566848056,,0.483932768255538,572.3637034682529,5.0,3.0,,34,0,,4.042751898858455,4.4275189885843815,7.391533132852089,4.855037977168706,5.348187347538783,4.213759494292162,7.537376779637896,4.062526580782195,3.630264039171328,2.7126322842907173,3.203697945163913,2.8916096506625277,3.864395309162056,3.2446397051377502,0.7932437923224038,0.6821425273545096,0.38096176933648807,0.5768977905103156,0.4971571864587929,0.7417843577992704,0.48394402083257954,4.0694643303514875,"[{'hour_utc': 18, 'regime': 'radiative',",0.9410654999865014,0.8760704679156067,0.9949603909799939,0.6692498297695518
0.9160123035605826,1.2450019075140972,0.2670233613789037,0.5,LBWN_CDRY_2025-01-05,CDRY,0.19,0.03647058823529412,0.0,-0.7660858383758296,2025-01-05,CN,False,,LBWN,,,-1.9088349780215026,3.2390558331736656,2.794979923816868,,1.866902416183109,,,2.4003020017513217,3.490616281756978,3.3987285851820137,,3.2459113421325507,,,0.6489689876146817,0.7171399891716803,0.7118609200907827,,0.7087918390057925,10000.0,4.0,0.0,,34,0,,1.1655459987735526,2.655459987735753,-1.9088349841680383,4.310919975471563,5.364518232167768,1.8277299938678766,1.8662240578780143,3.777545075598197,3.3756053221639153,2.40030200244335,2.9789624161887045,2.756376670931092,3.5933125159925337,3.2459877177086667,0.9062727481561603,0.7193451266526485,0.6489689881020275,0.5572787790978618,0.4799033390857724,0.8177245365841743,0.7088424793539784,3.741361863406427,"[{'hour_utc': 18, 'regime': 'radiative',",0.9643812819673331,0.8954950628471823,0.9643812819673331,1.0038747446543277
1.8167131724261139,7.327951452498792,2.5678111388349407,7.399999999999977,LBWN_CDRY_2025-01-08,CDRY,0.2,0.08529411764705883,0.2,-7.490018486970371,2025-01-08,CN,False,,LBWN,,,11.674782146193309,13.461057927273373,13.304266321743683,,12.568698617606913,,,4.970578181807141,7.408304019690769,7.54730915227964,,7.619604827809944,,,0.5160004931392104,0.7521960038490713,0.7650598880588909,,0.791837729011037,10000.0,14.0,7.0,,34,0,,10.2891481290265,12.89148129026529,11.674782138221417,15.782962580530636,17.176640138913456,11.445740645132673,12.56757102587369,6.213845306980064,5.552676745686614,4.970578179609304,4.900221204152921,5.152776222666162,5.910792983000863,7.619293955007088,0.787603690504691,0.5846446492033353,0.516000493187363,0.4213296998725275,0.4239873936957619,0.689642352054608,0.7918637374878592,5.755196856408663,"[{'hour_utc': 18, 'regime': 'radiative',",0.9589588746850166,0.8940288874111146,0.9805109441940637,0.6692498297695518
1.2209171405527381,4.6427957353898135,0.2512989197171578,3.8000000000000114,LBWN_CDRY_2025-01-23,CDRY,0.4,0.12176470588235296,0.32,-3.8087010802828445,2025-01-23,CN,False,,LBWN,,,4.800423175634364,9.392647265406936,9.369663886926105,,8.889926675439142,,,3.449292667364734,4.723060553881963,4.44729577922666,,3.8361396559544954,,,0.5740057402668131,0.6303823259718803,0.5870519568661001,,0.510328543274833,10000.0,7.0,3.0,,34,0,,4.300000000000011,7.0,4.800423159422223,10.0,11.780455304348152,5.5,8.8883556811831,4.366569504540018,3.901955989248435,3.449292665709914,3.4434652495641287,3.4499039342540283,4.153609884551725,3.835979300056509,0.8373052430359554,0.612530147404183,0.5740057406423787,0.4346445218779807,0.39313656754411974,0.7283626953982463,0.510368764142276,4.510242795388139,"[{'hour_utc': 18, 'regime': 'radiative',",0.9058545943207534,0.8461331706562332,0.9796225453636797,0.6692498297695518
1.6574123780361731,-3.1364309214747434,-9.030148885061578,-1.5,LBWN_CDRY_2025-02-12,CDRY,0.12,0.033529411764705884,0.0,-9.014473597948154,2025-02-12,FA,False,,LBWN,,,-3.56388722979284,,-2.128290102206279,,-3.120256798480227,,,1.5037570597594068,,2.3747401731637874,,2.1509176139840442,,,0.4636217710883986,,0.7175739650962042,,0.6822312269236147,656.6262697840585,1.0,-5.0,,34,0,,-0.07837643556712237,-0.78376435567111,-3.563887206529216,-1.56752871134222,-2.315579344062485,-0.391882177835555,-3.1200037765751176,2.6031789588023586,2.3261948756610242,1.5037570620059393,2.0528609476099864,1.8573623970594004,2.47622091055969,2.1509420478868426,0.6836101799673271,0.6360251340112907,0.46362177090403617,0.5872284334117429,0.5559188560335702,0.6620131711112472,0.682225644136169,2.5445232941846383,"[{'hour_utc': 18, 'regime': 'advective',",0.978027440401776,0.8460361630488356,0.9947073284631275,2.0077494893086554
2.008473179280647,-5.843595504812879,-12.202548200098875,-0.8999999999999773,LBWN_CDRY_2025-02-23,CDRY,0.05,0.005294117647058823,0.0,-9.196792655481772,2025-02-23,CN,False,,LBWN,,,-8.90424294968949,,-4.023597229101142,,-5.1510273913602305,,,1.562075978524426,,1.2574446213947983,,1.3709387196642182,,,0.7283462324969476,,0.44051933569928553,,0.5098072640798973,10000.0,-1.0,-12.0,,34,0,,-3.0287777230855113,-3.28777723085517,-8.904242940942254,-3.5755544617103396,-3.8920988545100954,-3.1438886154275565,-5.150953755660623,1.2803357896409155,1.1441057290577377,1.5620759794524526,1.009670937153718,0.9237370794111914,1.2178935640535502,1.3709465319659029,0.4181451487788711,0.3766343580424778,0.7283462324514226,0.3353426490514059,0.3114633837702189,0.3991571269416261,0.5098073736766425,1.2931870725141226,"[{'hour_utc': 18, 'regime': 'radiative',",0.6303478545350558,0.5290833339125278,0.8617707234463617,1.3384996595391037
1.3854716950028148,4.384321297201405,1.6075429211813912,5.800000000000011,LBWN_CDRY_2025-03-08,CDRY,0.0,0.0,0.0,-4.443632062337315,2025-03-08,CN,False,,LBWN,,,8.89723009185792,9.543017830917051,10.081712114409356,,10.70841089146785,,,0.856353000145508,3.1203475609015996,2.77147170652391,,2.1361718652876975,,,0.1069063425991159,0.41468718572964075,0.34898976510578616,,0.251828771107983,10000.0,8.0,1.0,,34,0,,6.255874917593417,8.55874917593394,8.897230082642693,11.11749835186788,12.280526716678423,7.27937458796697,10.707563680791793,3.777545075598197,3.3756053221639153,0.8563530012628843,2.9789624161887045,2.6793554892013076,3.5933125159925337,2.1362745928961053,0.631487212398652,0.4759906852664403,0.10690634280673597,0.34873353811810276,0.2903212365815542,0.5567513717438125,0.25186056774379695,3.614304027444109,"[{'hour_utc': 18, 'regime': 'radiative',",0.8135636755511405,0.6914038792651876,0.8135636755511405,1.0038747446543277
1.2934456352819894,2.747801855435637,-0.061439119822750854,4.899999999999977,LBWN_CDRY_2025-03-20,CDRY,0.4,0.04470588235294118,0.4,-4.082233168812536,2025-03-20,CN,False,,LBWN,,,1.4330290148827203,,5.733438616735896,,4.748658973664192,,,2.6862816946847374,,3.2530484553194503,,3.0347754095287462,,,0.5741478046978912,,0.5578760616814686,,0.5440894272637274,10000.0,7.0,-1.0,,34,0,,4.103970244949039,5.039702449490505,1.433028983675456,6.079404898980954,6.914767740023763,4.519851224745253,4.7483254838829225,3.26057173206161,2.913639313853802,2.686281693819673,2.57127884475566,2.346621954252425,3.1015522599380168,3.0347661652088935,0.6339111164525916,0.5243868758980567,0.574147805730949,0.42495962383541575,0.36343081566906765,0.58262965622313,0.5441006397261231,3.231043459839745,"[{'hour_utc': 18, 'regime': 'radiative',",0.7938039423425515,0.6945360454096614,0.7938039423425515,1.003874744654328
0.9503949588778497,22.31433382283898,18.233658082178465,23.69999999999999,LBWN_CDRY_2026-07-21,CDRY,0.57,0.18352941176470586,0.37,-5.754518390263172,2026-07-21,FA,False,,LBWN,,23.29386224742194,19.020252722248586,22.62782458097297,21.961786914523998,,20.716952459856316,,15.292546006830351,10.347414035597772,14.954763208209915,14.61698040958948,,13.985355536891124,,0.8342911439431455,0.6645172742287483,0.840362707690433,0.8464342714377205,,0.8553813966669868,459.6419615313839,26.0,21.0,,35,0,,23.9408823622083,23.408823622082707,19.02025272524105,22.817647244165414,22.103415402441613,23.704411811041382,20.71716558250813,15.65866671363563,13.99254409858775,10.347414038083539,12.348378001313023,12.634474738681355,14.894985014165863,13.985532574327532,0.8207297964261602,0.749999328478773,0.6645172742553296,0.6786291359912627,0.7227311580833858,0.7884945197891091,0.855380369168287,15.593644324996095,"[{'hour_utc': 18, 'regime': 'radiative',",0.9791251909898767,0.9071944610708587,0.9949422681400466,1.3384996595391037
1.3499244548869218,17.989595753418417,12.09376983092767,19.600000000000023,LBWN_CDRY_2026-07-23,CDRY,0.64,0.0788235294117647,0.02,-8.914631601250505,2026-07-23,CN,False,,LBWN,,21.225452823856926,14.824992676497004,20.95686143545504,20.62366932563026,,19.579107456589895,,9.530759941452557,7.408231129054541,8.991604936467432,8.48971868157632,,7.705451655052673,,0.5893510285309526,0.6213759680928517,0.5587926441448016,0.5324354005683828,,0.5044377539076169,10000.0,25.0,11.0,,35,0,,21.04200716089082,21.420071608908245,14.82499267504079,21.84014321781649,22.12450429865322,21.210035804454094,19.57909123352789,9.333192467858773,8.34011709335831,7.408231127696686,7.360128677112521,6.605029370888868,8.878007787661454,7.70543652815996,0.5863925273225032,0.5062069518067366,0.6213759680399535,0.42992341253528366,0.3751538935609319,0.5492929642649683,0.5044372853842559,9.426874379894105,"[{'hour_utc': 18, 'regime': 'radiative',",0.8616116759191103,0.726979720486053,0.9904899374917739,1.003874744654328
2.191641076671051,17.37835927674008,10.659116203272333,19.5,LBWN_CDRY_2026-07-25,CDRY,0.17,0.012352941176470589,0.17,-10.350623398581718,2026-07-25,CN,False,,LBWN,,21.354640206209694,15.529452851212227,21.24068482329534,21.0597753100958,,20.2881441615865,,8.780857138268052,7.789767061478275,8.511029828422169,8.244463866915305,,7.7339875542891034,,0.5388188044619125,0.6248193261810341,0.5198508513733068,0.5031775837026408,,0.4840558458808049,2473.757519023124,26.0,12.0,,35,0,,21.048698009270367,21.48698009270379,15.529452849568884,21.97396018540752,22.339866421430884,21.243490046351894,20.288125494031362,8.731688629095963,7.802614858764272,7.789767061242062,6.885784619950986,6.199357579346523,8.305839637280135,7.733984871053298,0.5483700395713613,0.47159408945557957,0.6248193262284529,0.3988519116296293,0.34737694570242855,0.5128109907567895,0.48405625077388625,8.819332940355146,"[{'hour_utc': 18, 'regime': 'radiative',",0.8597983604582089,0.7100586373234059,0.9945605689513937,1.3384996595391037
4.324571609872655,10.339565785056744,4.852554487511043,12.600000000000023,LBWN_CFOG_2024-10-02,CFOG,0.5,0.17647058823529413,0.0,-8.18569531437754,2024-10-02,HIT,False,,LBWN,,14.967356027285291,11.25220613771296,14.823274057982701,14.679192088680054,,14.0605462278819,,8.080682040035482,6.182515256081435,7.818571236295296,7.556460432555109,,6.9354523574980735,,0.7496809322643622,0.6573597663427315,0.7235942664845008,0.6975076007046394,,0.6508682646931878,532.9445163625361,16.0,11.0,,34,0,-4.5,13.1912490094428,14.912490094428392,11.25220613119484,16.824980188856784,14.77400476099416,13.956245047214168,14.060044462269104,8.16518840732923,7.296391763457136,6.18251525656574,6.439044306325649,7.5098036576282645,7.766967957349439,6.935489638959335,0.8521091824645307,0.6723700966578331,0.657359766686105,0.517512040162497,0.6902818784690745,0.766831181375256,0.6508945271605634,7.4616912344602415,"[{'hour_utc': 18, 'regime': 'radiative',",0.9885936988237725,0.9420437514497678,0.994892421550098,1.003874744654328
2.615739247853382,5.831131019558029,1.517984155299473,8.899999999999977,LBWN_CFOG_2024-10-22,CFOG,0.22,0.04470588235294118,0.0,-7.508979364118829,2024-10-22,HIT,False,,LBWN,,,10.301739604244858,,12.105060884205955,,12.325970066277819,,,2.4193185408817506,,5.7607270967453665,,3.9530983509910667,,,0.27967090130060096,,0.6431240059671972,,0.42448956219833783,627.8222377251383,12.0,7.0,,34,0,-7.0,9.134817597091399,10.348175970914042,10.30173956881157,11.696351941828084,12.899758750892829,9.674087985456993,12.325603405516688,5.796560360108894,5.17979202417422,2.4193185336679233,4.571151592397115,4.104236758700389,5.513859263135791,3.953023702888513,0.7945969626537547,0.6467066090586322,0.27967090111898735,0.514840915984265,0.4222066761401486,0.7250355333602951,0.42449361281576525,5.392466471538346,"[{'hour_utc': 18, 'regime': 'radiative',",0.9946236305386479,0.9308147932919285,0.9947865838535165,1.6731245744238796
2.408170927948565,4.879015810923636,0.09654061559928095,8.100000000000023,LBWN_CFOG_2024-10-25,CFOG,0.22,0.08058823529411765,0.0,-7.9259097395386675,2024-10-25,HIT,False,,LBWN,,,9.254408256700742,10.237953706761232,10.070007768264418,,9.680119528562273,,,1.6129742083363536,5.823588825658059,5.5868509811212395,,5.080840973464211,,,0.20557667549108116,0.7411899389769485,0.7105670129918153,,0.6474870769203602,619.1139692766308,13.0,7.0,,34,0,-3.5,8.112251775689856,9.122517756898333,9.254408223669145,10.245035513796608,11.181749037143902,8.561258878449166,9.679746276271771,5.796560360108894,5.17979202417422,1.612974208870971,4.571151592397115,4.161386996530701,5.513859263135791,5.08084701456721,0.8522027488975094,0.7028160836897436,0.20557667649021205,0.5676527180672423,0.48118241108723536,0.7821976965222615,0.6475049904110954,5.164803549710402,"[{'hour_utc': 18, 'regime': 'radiative',",0.994905328001436,0.9490676939147731,0.994905328001436,1.3384996595391037
2.2861464307555326,3.109735112275564,-2.2227775365306,7.0,LBWN_CFOG_2024-11-07,CFOG,0.21,0.0811764705882353,0.0,-8.259299073187663,2024-11-07,HIT,False,,LBWN,,,8.72121508188809,,10.436621751341363,,10.348985159817346,,,2.6373864057333605,,4.508099481866775,,3.5868116587114316,,,0.3406480586915453,,0.5629476200484606,,0.43964327183642776,661.8362811853739,9.0,4.0,,34,0,-1.5,6.182607683285312,7.826076832853289,8.721215039414858,9.652153665706521,11.28551439111834,6.913038416426616,10.34858298690375,4.690790272740609,4.191678807589966,2.6373864055117346,3.69914473935861,3.3224014913398174,4.462018219298351,3.586809560172356,0.78814568869757,0.6215503911429999,0.3406480595275976,0.4781408756002391,0.38063912389174254,0.7090864594771418,0.43965571640206647,4.394373023790492,"[{'hour_utc': 18, 'regime': 'radiative',",0.9885938069491891,0.9190856596912962,0.9949444961114803,1.3384996595391037
1.143808817639346,1.901408401727906,-3.8836876850647286,2.3000000000000114,LBWN_CFOG_2024-11-17,CFOG,0.22,0.0911764705882353,0.0,-7.938535833841286,2024-11-17,HIT,False,,LBWN,,6.5547330461649835,2.2559329590745847,6.18344548686116,5.7897567815189745,,4.7650252223326675,,4.30546503260225,3.411928014745979,4.265795543282682,4.22085269831399,,4.0785499856658225,,0.7035921580665694,0.689977889389842,0.7066333005604494,0.7098791772155479,,0.7191785804994221,605.1904828651326,8.0,4.0,,34,0,-1.0,4.274240743882899,6.74240743882865,2.255932941558342,9.4848148776573,11.72509299907506,5.371203719414325,4.764897381409128,4.366569504540018,3.901955989248435,3.411928015447581,3.4434652495641287,3.109023149099637,4.153609884551725,4.078555106258561,0.8388218309692909,0.6235620457495231,0.6899778904812547,0.4501207147727306,0.3495776861883529,0.7349577305902477,0.7191859486390698,4.106296908354148,"[{'hour_utc': 18, 'regime': 'radiative',",0.984649932856761,0.9349996456952226,0.9948626566859239,1.0038747446543277
1.0338969755667677,5.615888387860139,-0.8294959050410284,4.199999999999989,LBWN_CFOG_2024-12-18,CFOG,0.22,0.11235294117647057,0.0,-6.8659472597777835,2024-12-18,HIT,False,,LBWN,,,5.489269376652203,8.865512180917847,8.573946955857878,,7.834290124908364,,,3.5588481049117817,4.928352071357378,4.905033234156375,,4.868165198213374,,,0.5664767860176237,0.6853506978830105,0.6874315044359219,,0.7005756878183255,577.2127177700463,9.0,4.0,,34,0,-2.0,6.1822567736837755,7.8225677368378115,5.489269336509608,9.64513547367568,11.008937215187814,6.911283868418934,7.833536980963686,4.690790272740609,4.191678807589966,3.5588481023797103,3.69914473935861,3.4663625981180255,4.462018219298351,4.868117692253719,0.7881648733630073,0.6217005264033176,0.5664767873903528,0.47836898487551754,0.40957657321197205,0.7091726185992098,0.7006046037577746,4.729550424895875,"[{'hour_utc': 18, 'regime': 'radiative',",0.8945228779663013,0.8283086742082684,0.9946927762146203,1.0038747446543277
1.6751920395141628,1.3527721722844148,-3.8637451436275114,0.8000000000000114,LBWN_CFOG_2025-01-20,CFOG,0.89,0.40705882352941175,0.0,-5.881813204004402,2025-01-20,HIT,False,,LBWN,,,7.279988342424474,3.673724968134252,3.790778895642063,,3.949723896949706,,,1.6224164584840903,4.162269219718105,3.9554149730154764,,3.4961113787017104,,,0.2279940132015056,0.8333486021628074,0.7763647463098431,,0.6619289910358126,605.8365399521866,3.0,1.0,,34,0,5.0,2.090340301884453,2.9034030188445854,7.279988317240566,3.806806037689114,4.572256388803112,2.4517015094222643,3.9493738585255755,3.777545075598197,3.3756053221639153,1.6224164525988392,2.9789624161887045,2.754005393391283,3.5933125159925337,3.496029577856783,0.8477990278157638,0.7067264431213833,0.22799401265870428,0.5775688965019395,0.5016563154113584,0.781888065636907,0.6619312713738731,3.8183207269822192,"[{'hour_utc': 18, 'regime': 'radiative',",0.9597531088156429,0.9050176440075626,0.9948297076551834,1.3384996595391037
1.3000197449958761,8.446711145457334,5.697626050192923,8.399999999999977,LBWN_CFOG_2025-01-30,CFOG,0.18,0.010588235294117647,0.0,-3.3389884601794506,2025-01-30,HIT,False,,LBWN,,,9.555251593987634,11.691772075800088,11.683169275500177,,11.55500475914539,,,4.451227847589215,6.782589450726758,6.6317419114461025,,6.3644620522095945,,,0.5346047665991329,0.7775225167203695,0.7515229458231663,,0.7099670994262706,477.3546590192756,9.0,8.0,,34,0,0.5,9.183072551861756,10.830725518617669,9.555251561147998,12.661451037235395,13.98229600087086,9.915362759308834,11.554224932779391,6.657807302922429,5.949400007477714,4.451227845949647,5.250328253866825,4.935202521692796,6.3331026969013084,6.364423118131175,0.9096714492695276,0.7189928208864046,0.5346047677765994,0.5544288028934716,0.4780889405210891,0.8192419947540274,0.7100012480455782,6.672405435077385,"[{'hour_utc': 18, 'regime': 'radiative',",0.9824514045532734,0.9598398422581902,0.9949513654967314,0.6692498297695518
1.0602591937398718,7.486170606150938,7.072951653464656,10.300000000000011,LBWN_CFOG_2025-03-31,CFOG,1.0,0.9641176470588235,0.94,-0.9376640389008344,2025-03-31,FA,False,,LBWN,,8.319046824904262,7.340426308501435,8.01098579635368,7.7113183679214785,,7.347043187931774,,6.578831131109332,5.62125731574153,6.516127794101101,6.4387303768224005,,6.232564772342919,,0.9498208508740038,0.7764758075559538,0.9492033257446524,0.9458022450662384,,0.9170535778413592,783.5048646759913,9.0,8.0,,16,0,,8.05307846182751,8.530784618275163,7.340426305197809,9.06156923655027,9.450433897652715,8.265392309137553,7.347015957080032,6.657807302922429,5.949400007477714,5.6212573167455755,5.250328253866825,4.7461043395500075,6.3331026969013084,6.232573048554648,0.9827977205292767,0.8405536115996998,0.7764758078688808,0.7066015375172645,0.616191959723213,0.9168143321829031,0.9170565600801637,6.4644049484249395,"[{'hour_utc': 18, 'regime': 'advective',",0.9965318512166187,0.9929793977906695,0.9965318512166187,2.342374404193431
0.7755771024122529,9.04205173145956,6.3382421572505905,8.5,LBWN_CLDY_2024-11-14,CLDY,1.0,0.9905882352941177,1.0,-2.6455088303802654,2024-11-14,CN,False,,LBWN,,,3.6727873789420755,7.539061909163763,7.08190249002439,,6.145235956721308,,,5.546271209921441,5.838546004488271,5.741215494742971,,5.564330983770856,,,1.0000105953955913,0.8862984212885848,0.8885703338146124,,0.8967884356347685,10000.0,10.0,7.0,,34,0,,8.91875493815428,8.187549381542738,3.672787381606156,7.375098763085475,6.675124661877703,8.593774690771397,6.1455670682931895,6.657807302922429,5.949400007477714,5.546271211870694,5.250328253866825,4.854878531506702,6.3331026969013084,5.564573247754584,0.9261822576366063,0.8605992709633514,1.0000105955574246,0.7934172417000964,0.7626108218700389,0.8964086225572779,0.8968058516630281,6.7246350097019105,"[{'hour_utc': 18, 'regime': 'radiative',",0.9322553908565152,0.9285600264369123,0.9516506194865985,1.0038747446543277
0.8492387915930806,9.182852303288836,6.307276310343525,9.100000000000023,LBWN_CLDY_2024-11-30,CLDY,0.98,0.7758823529411764,0.59,-4.677016130962954,2024-11-30,CN,False,,LBWN,,,3.570408072368366,9.39731234593279,8.615200452795875,,7.083370255237583,,,4.723268112098555,6.297576119123481,6.149653504558108,,5.862682769551217,,,0.8642803659557157,0.8483675233207478,0.8632885145654089,,0.8924311795301827,10000.0,11.0,8.0,,34,0,,10.92146220653234,10.21462206532334,3.5704080956398343,9.429244130646737,8.642092529203296,10.607311032661698,7.08363963519048,6.657807302922429,5.949400007477714,4.723268118605501,5.250328253866825,4.774080651621975,6.3331026969013084,5.862758090847228,0.8085497567818597,0.7495735296803986,0.8642803656462213,0.6892775541958401,0.6554763715234563,0.7817619892105049,0.8924259157452714,6.538446772437874,"[{'hour_utc': 18, 'regime': 'dynamic', '",0.9274917393340782,0.8952256301150309,0.9274917393340782,3.3462491488477593
1.1775804291343472,4.49557766513675,3.8484545581945895,5.5,LBWN_CLDY_2024-12-05,CLDY,0.87,0.691764705882353,0.82,-1.1424284913244946,2024-12-05,CN,False,,LBWN,,,1.0389187872677326,4.13713375240485,4.011194212513715,,3.7926245377828423,,,4.448288057389104,4.498117387262587,4.564480063787789,,4.70840980032668,,,0.973849867482539,0.871138414973833,0.8809203401649246,,0.9002309921560747,10000.0,6.0,3.0,,34,0,,4.954415247595421,4.544152475954036,1.0389187990640494,4.088304951908015,3.6893925037375084,4.772076237976989,3.79280033195721,4.690790272740609,4.191678807589966,4.448288061149169,3.69914473935861,3.411840603026261,4.462018219298351,4.7084658344672,0.8588520530434938,0.7812031518378688,0.9738498674531997,0.7032088267704488,0.6601232603370731,0.8234221602942841,0.9002306887468305,4.640635240371169,"[{'hour_utc': 18, 'regime': 'dynamic', '",0.8941432728034948,0.8784984854762715,0.924956142622351,3.0116242339629835
0.670904662996412,10.03911725543345,7.443709166101826,9.0,LBWN_CLDY_2024-12-24,CLDY,0.98,0.9105882352941177,0.87,-2.5585109139032625,2024-12-24,CN,False,,LBWN,,9.737907413117625,4.707522016576149,9.215956145935422,8.629730597861453,9.998883046708727,7.402799728025343,,7.0521771272978375,5.714365938429688,6.985252673845031,6.907487787581816,7.0856393540242415,6.6860019635841255,,0.9217455194464873,0.9454320020076367,0.9345570091905929,0.9503588784675492,0.9153397745744345,0.9762617903178046,10000.0,10.0,9.0,,34,0,,10.011100400025384,10.111004000253843,4.7075220157298645,10.222008000507685,10.195103943654658,10.055502000126921,7.40279342874328,7.129951089116593,6.371306442274589,5.714365939787835,5.622659375755577,5.094899291566512,6.78221975892437,6.686012073046858,0.9208269045699734,0.8083566595355531,0.945432002282539,0.6994274047573219,0.6296195065126571,0.8690274355938623,0.9762636801464863,7.063628228665914,"[{'hour_utc': 18, 'regime': 'advective',",0.9315359431496014,0.9115069885015785,0.9315359431496014,2.0077494893086554
0.6259030574751724,2.6936016817916313,1.6060411969393726,2.1000000000000227,LBWN_CLDY_2024-12-28,CLDY,1.0,0.9423529411764706,0.98,-0.38218903716801833,2024-12-28,CN,False,,LBWN,,,-3.274187977603617,0.7556999100694952,-0.119491841156389,,-1.76091123483792,,,2.7230081098898484,3.4926009010575636,3.451922803086034,,3.3800937653500736,,,0.819370483797706,0.8629162044172505,0.898254514807762,,0.9675806952166173,10000.0,2.0,-0.0,,34,0,,1.9411511705368412,1.4115117053681274,-3.274187964431576,0.8230234107363117,0.184181672049192,1.7057558526840921,-1.7606891306466537,3.777545075598197,3.3756053221639153,2.723008113726097,2.9789624161887045,2.718401758289243,3.5933125159925337,3.380158451293603,0.8569184668140997,0.7866331099899573,0.8193704840635744,0.715413313580989,0.6784174770035113,0.8249205766825924,0.9675831220617784,3.758208315964633,"[{'hour_utc': 18, 'regime': 'radiative',",0.8634623273019346,0.8091128656040905,0.8634623273019346,1.3384996595391037
0.6572522408870289,0.5276472871890064,-0.7570353642012719,0.19999999999998863,LBWN_CLDY_2025-01-14,CLDY,0.96,0.8476470588235294,0.96,-1.737137338567777,2025-01-14,CN,False,,LBWN,,,-4.1240663955036325,,-1.4551306507727872,,-1.9807635467738578,,,2.7532543222977295,,2.3571011696272657,,2.2062104424702755,,,0.8872970606559052,,0.6789661211355278,,0.6441986289447962,10000.0,1.0,-5.0,,34,0,,0.9005098718325257,0.005098718325484697,-4.124066365161468,-0.9898025633490306,-1.8984674294889032,0.5025493591627423,-1.9804689070771815,3.0266108560530425,2.704572495725361,2.753254331099014,2.3867780253240944,2.1358304430605646,2.8790017904967042,2.206295907828968,0.7401523730915545,0.697997795196407,0.8872970615136057,0.6543243914578835,0.619419280545654,0.7210705876755727,0.6442091162421102,2.6020550373603255,"[{'hour_utc': 18, 'regime': 'dynamic', '",0.7440340844015345,0.6536505471603016,0.7440340844015345,2.342374404193431
1.0621029305556742,7.223204167675317,5.279214709298515,7.0,LBWN_CLDY_2025-02-02,CLDY,1.0,0.8482352941176471,0.82,-2.7008520434119987,2025-02-02,CN,False,,LBWN,,,2.3540565455826368,6.1020605584935765,5.498622543246938,,4.274694747337662,,,4.9360496721247555,5.510513872411887,5.4601234961769265,,5.309073215070867,,,0.9805327897647211,0.9275588712261879,0.9469775098133977,,0.9789189952570008,10000.0,8.0,6.0,,34,0,,7.9003337635526805,7.003337635526577,2.3540565623073917,6.006675271053155,5.091437262446846,7.501668817763289,4.275106149572991,6.213845306980064,5.552676745686614,4.936049679856491,4.900221204152921,4.483400445016988,5.910792983000863,5.3092634035220065,0.9269296280555842,0.8715304423857346,0.9805327900846067,0.8142501542536207,0.7864366475516007,0.9018395423666412,0.9789249165471824,6.126533793903904,"[{'hour_utc': 18, 'regime': 'radiative',",0.9868002935923831,0.9584040089992559,0.9868002935923831,1.6731245744238796
0.9401265693915453,-1.657723768143967,-2.7670944910634603,0.10000000000002274,LBWN_CLDY_2025-02-07,CLDY,1.0,0.8447058823529412,0.94,-0.7637976368426393,2025-02-07,CN,False,,LBWN,,,-9.162251485615684,,-2.7560783368641637,,-4.709619295287496,,,2.0186603685366817,,2.3771294520163213,,2.303065781614085,,,0.9612035185763075,,0.7590775263324017,,0.8302464618438512,10000.0,-1.0,-5.0,,34,0,,-2.0164842711042184,-2.1648427110418424,-9.162251481157,-2.329685422083628,-2.568331485262945,-2.0824213555209212,-4.709586981684936,2.4120186210555055,2.155374504978069,2.0186603690799054,1.9021124995839256,1.7237891062694333,2.294383572497389,2.303069718547388,0.7305429266167842,0.6525554712199962,0.9612035184900971,0.5756366952081283,0.5268275282107383,0.694791751423688,0.8302458513639843,2.356055737433283,"[{'hour_utc': 18, 'regime': 'dynamic', '",0.7379018687542557,0.6958525306113218,0.744589055957709,1.3384996595391037
0.8730658201818055,0.6283583373349189,-0.6378682179809516,2.1999999999999886,LBWN_CLDY_2025-02-15,CLDY,1.0,0.9235294117647059,0.95,-0.6423510301257807,2025-02-15,CN,False,,LBWN,,,-2.32982145899706,-0.2992642955928204,-1.1919362594285303,,-2.868384983678027,,,3.5287389177488233,3.105065104520398,3.0948575632592354,,3.0589550684811906,,,0.9806029331993525,0.8236782398510807,0.8651705224516955,,0.944149346552828,10000.0,1.0,-3.0,,34,0,,0.022414060724202045,0.22414060724213414,-2.3298214601480822,0.4482812144843251,0.24058055517684807,0.11207030362106707,-2.8684680344309754,2.6031789588023586,2.3261948756610242,3.5287389160178955,2.0528609476099864,2.0730905931747245,2.47622091055969,3.05883017515265,0.6786060399697418,0.5908104674973031,0.9806029327975115,0.5065279193267801,0.5243885515080835,0.6380792466449083,0.9441190250597419,2.6881117731244535,"[{'hour_utc': 18, 'regime': 'radiative',",0.7271956339941047,0.6718395400403134,0.8070317108951345,1.3384996595391037
1.0017962233747142,0.992852539705973,-0.8884360353563352,0.8000000000000114,LBWN_CLDY_2025-02-18,CLDY,1.0,0.8282352941176471,0.8,-1.8684360353563534,2025-02-18,MISS,True,SNOW_DOMINATED,LBWN,,,-6.029145628444439,-1.3553509562989916,-1.9866035776490207,,-3.1887959607752236,,,2.4925551625129985,3.035113596542604,2.9683995186836385,,2.826301863169919,,,0.9194640420889972,0.872373493215949,0.8827452952493962,,0.8961109062041686,10000.0,1.0,-1.0,,34,0,,0.8999999999999773,0.0,-6.029145623665386,-1.0,-1.9721175719082567,0.5,-3.1882870702424384,3.51056328084798,3.137031098648851,2.492555163627636,2.7684214029001355,2.5181994679257818,3.339351577020117,2.826420552610598,0.8585337986103831,0.809908427577426,0.9194640421628306,0.7595199396832473,0.7354108482263805,0.8365241904486534,0.8961133642266581,3.3404751739492697,"[{'hour_utc': 18, 'regime': 'dynamic', '",0.8630108636445932,0.8123469231268171,0.8630108636445932,3.6808740637325346
0.6906853843416608,5.666788603824079,5.060890456082234,5.0,LBWN_CLDY_2025-02-28,CLDY,1.0,0.9188235294117647,0.9,-1.9191095439177843,2025-02-28,CN,False,,LBWN,,,2.2729752989657186,4.446058422114561,3.692993508697839,,2.23717111933928,,,4.3592845701017175,4.804975118034272,4.73804567682573,,4.605805307740766,,,0.8707306465681065,0.908599144912738,0.9334429986884043,,0.9820004679561966,10000.0,7.0,4.0,,34,0,,6.899999999999977,6.0,2.272975319090392,5.0,3.9840678661840343,6.5,2.237728169321201,5.036362633649853,4.5004813525324945,4.35928457249696,3.9716620287806315,3.666851773683134,4.790736817289405,4.605871607865013,0.8050156590814161,0.7573806823366496,0.8707306457751333,0.70810682543512,0.697038985205333,0.783444373747913,0.9819761530185379,4.882534127573154,"[{'hour_utc': 18, 'regime': 'advective',",0.868212104168315,0.8513922573370284,0.8721197074377853,2.342374404193431
0.9414565609971386,19.053587122226666,17.125344496990465,20.19999999999999,LBWN_CLDY_2026-07-22,CLDY,0.88,0.6023529411764705,0.51,-1.881919534623421,2026-07-22,CN,False,,LBWN,,18.945912306490868,15.276651681285784,18.160309244457608,17.3683013301374,,15.775805648133542,,11.764243269758055,8.30903324896036,11.534226514365574,11.291076336614514,,10.713382131065321,,0.8408342874460512,0.675732394287229,0.8566837395271859,0.8719098976050553,,0.8956360462438938,10000.0,21.0,19.0,,35,0,,19.03632015806943,19.363201580694408,15.276651679859242,19.726403161388816,19.891796928328404,19.181600790347204,15.77579072144681,12.936772969187443,11.560267069437584,8.309033254827767,10.20190105686034,9.159252529447242,12.30583959408232,10.7134435246132,0.9230818672165053,0.7991928585658664,0.6757323948233204,0.6809629632300352,0.6000100275215772,0.8658077509591471,0.8956420495739158,12.410734398744557,"[{'hour_utc': 18, 'regime': 'dynamic', '",0.9349649378293449,0.8855448404692524,0.9349649378293449,3.3462491488477593
0.849270302461027,17.102415830397728,11.164223115383209,18.19999999999999,LBWN_DYNM_2024-10-06,DYNM,0.59,0.21,0.59,-5.862574571379071,2024-10-06,CN,False,,LBWN,,17.579481565015726,13.318292222519688,16.99434589520672,16.36847743089828,17.87204939992023,15.118870304564268,,10.422495980298306,9.382579866111683,9.96698123124476,9.509470790135643,10.650253354825079,8.704022766213674,,0.8107675142753005,0.8665018947391248,0.7956537660592408,0.7810615428359732,0.8183243883833303,0.7578597346793837,10000.0,18.0,17.0,,34,0,,17.133988433811453,18.339884338114302,13.31829221598207,19.679768676228548,20.661314865433553,17.66994216905715,15.118806106837042,10.649018525463353,9.515935767690019,9.382579866617471,8.39778501521138,7.539213097786677,10.129660251179702,8.704027732877154,0.8585802046725456,0.7022885143028399,0.8665018951562825,0.5621239601341624,0.4713805192535725,0.7851749105813786,0.7578633472283746,10.420545389552355,"[{'hour_utc': 18, 'regime': 'dynamic', '",0.8740411399338578,0.8424397910206991,0.9231067439311887,3.680874063732535
2.5617003263620486,4.879301692015156,0.9463908679579163,8.699999999999989,LBWN_DYNM_2024-10-17,DYNM,0.18,0.04470588235294118,0.0,-7.051114272200039,2024-10-17,CN,False,,LBWN,,,4.143754525697204,,7.320332249863839,,6.443486652592753,,,2.822768121993629,,4.527854742174396,,4.181154240546902,,,0.49587349691278154,,0.695471133865903,,0.6659310311620682,10000.0,11.0,4.0,,34,0,,7.987525700789718,7.875257007897289,4.143754529466264,7.750514015794579,7.581731497609155,7.937628503948645,6.443525997014206,5.036362633649853,4.5004813525324945,2.822768127760172,3.9716620287806315,3.5905241531031264,4.790736817289405,4.18121443524821,0.7467967493779145,0.6651140904506831,0.49587349774749784,0.5847951499137453,0.5297702895043581,0.7093224601045657,0.6659386383000376,4.761457774808016,"[{'hour_utc': 18, 'regime': 'dynamic', '",0.9264977002777105,0.879382823742519,0.9291702294070334,2.6769993190782073
4.699138822770938,10.512745307749231,7.273019185628584,9.300000000000011,LBWN_DYNM_2024-11-20,DYNM,0.97,0.6005882352941176,0.38,-6.7200001417208455,2024-11-20,CN,False,,LBWN,,,9.169190152060821,13.277212605315356,12.886921815907897,,11.917686430969184,,,6.070512792452513,8.104132724375642,7.988879872571067,,7.710739383385975,,,0.7313198886564982,0.8187131928696965,0.8182575996721159,,0.822337104456086,10000.0,14.0,10.0,,34,0,,13.965096636747091,13.650966367471142,9.169190169885894,13.30193273494234,12.944972000963105,13.825483183735571,11.917808533069035,7.830040520514083,6.996904500910096,6.070512787070048,6.174747724764348,5.679424135143981,7.448165425851638,7.710702513306673,0.7566111736507677,0.6828077896914037,0.7313198870624478,0.6092514134155362,0.5685603451593912,0.7228685419603378,0.8223266140922464,7.442601275961506,"[{'hour_utc': 18, 'regime': 'dynamic', '",0.9645632245917285,0.9093886971997603,0.9645632245917285,0.6692498297695518
1.5702285102641744,5.244842200245534,3.3890695909976785,5.699999999999989,LBWN_DYNM_2024-12-02,DYNM,0.96,0.6223529411764704,0.71,-2.5994819969184846,2024-12-02,CN,False,,LBWN,,,1.0760204163795493,4.841577458803272,4.332227301436831,,3.357817849873072,,,3.7451004229750837,4.632767949374866,4.42122132028071,,4.001283495986331,,,0.815647311940282,0.8511790101136729,0.8315021699646835,,0.7864836997015306,10000.0,7.0,4.0,,34,0,,5.9427579395807015,5.4275793958072995,1.076020424737294,4.855158791614656,4.292766057889423,5.713789697903621,3.3580539768644826,5.036362633649853,4.5004813525324945,3.7451004263201617,3.9716620287806315,3.6224912883169256,4.790736817289405,4.001378002414204,0.8604392900569521,0.7882795307180804,0.8156473121669494,0.7152977425147701,0.6724241944247861,0.8275721970329794,0.7864881052592521,4.866841744180533,"[{'hour_utc': 18, 'regime': 'dynamic', '",0.8938985577732599,0.8736570499814654,0.8938985577732599,4.684748808386862
0.5529320375780932,3.9101257735931654,1.9124303635337014,5.199999999999989,LBWN_DYNM_2024-12-21,DYNM,1.0,0.7835294117647059,0.98,-3.0716486141535597,2024-12-21,CN,False,,LBWN,,3.9789278997561723,1.732103150567184,3.174239947184219,2.3869949725991546,,1.0564979912550143,,4.4510463731938525,4.801721357692627,4.410379207980051,4.373253366777589,,4.3224475755632445,,0.8696332296508597,0.9840089074421482,0.901204846327767,0.9335218555013252,,0.9899765638663895,10000.0,6.0,4.0,,34,0,,4.920394888436192,4.203948884361807,1.7321031576889254,3.407897768723558,2.6043099414041535,4.601974442180904,1.056545112146523,4.690790272740609,4.191678807589966,4.801721360755811,3.69914473935861,3.343446300101761,4.462018219298351,4.322467843085228,0.86090629621003,0.8001976486444025,0.9840089075630671,0.7379936578234065,0.6990265763447534,0.8333472482462169,0.9899778308040861,4.472086909421794,"[{'hour_utc': 18, 'regime': 'dynamic', '",0.8955732196195393,0.8815370308100438,0.8955732196195393,4.3501238935020865
0.7947685120911312,0.6424075428181368,-0.3140883566611592,1.3999999999999773,LBWN_DYNM_2024-12-27,DYNM,0.96,0.7217647058823529,0.54,-2.294799219569711,2024-12-27,CN,False,,LBWN,,,-3.1963114045867655,0.11664833184494228,-0.5550510271339135,,-1.7795947955962674,,,2.6152980772320786,3.28405374813012,3.14936938913045,,2.9172615148847485,,,0.7790831262590403,0.8469674087892495,0.8422748889480538,,0.8327083023255001,10000.0,2.0,-1.0,,34,0,,1.903554314542646,1.0355431454265158,-3.196311400131549,0.07108629085303164,-0.8355421251606003,1.5177715727132295,-1.779201934648654,3.51056328084798,3.137031098648851,2.6152980778337467,2.7684214029001355,2.532293199255831,3.339351577020117,2.9173145698584415,0.7985091017493865,0.7511875596353246,0.7790831261772286,0.7022429572076839,0.6798179414229405,0.7770791611831233,0.8326986134039616,3.436663649451886,"[{'hour_utc': 18, 'regime': 'dynamic', '",0.894495576351098,0.8577716520538041,0.894495576351098,6.357873382810742
1.4904170247841042,5.788510548151135,1.867999385106316,1.8000000000000114,LBWN_DYNM_2025-01-02,DYNM,0.11,0.007647058823529412,0.0,-4.15787699550043,2025-01-02,CN,False,,LBWN,,,8.226537776461441,8.269291755294887,8.901955778801778,,9.928088898737258,,,1.7406242754776864,3.7710393937737208,3.482082760031104,,2.872264412329096,,,0.2285584281651627,0.5476306121554939,0.4778535112267521,,0.3589499581612577,10000.0,8.0,0.0,,34,0,,6.129381903033618,7.293819030336465,8.226537767336595,8.587638060672987,9.679454451162314,6.646909515168261,9.927552363999155,3.51056328084798,3.137031098648851,1.740624273429201,2.7684214029001355,2.6110676549348235,3.339351577020117,2.872143963100066,0.5920270905795805,0.4825562446783486,0.22855842806512042,0.38479065775610716,0.3344894220977829,0.5405574626956535,0.35895018452682764,3.7723116758116597,"[{'hour_utc': 18, 'regime': 'advective',",0.7933532109744788,0.6560951830904413,0.8563681886555091,2.3423744041934316
1.068965237183545,1.4376945379263248,-1.7302510442939933,1.6999999999999886,LBWN_DYNM_2025-01-13,DYNM,0.43,0.14176470588235296,0.17,-3.715946664779665,2025-01-13,CN,False,,LBWN,,,-4.574066369292439,,-0.19839196225655087,,-1.7357989544595398,,,1.4170336907330152,,2.778377600669315,,2.530860656126227,,,0.47030669942399594,,0.7297856060270607,,0.7256289942721011,10000.0,2.0,-2.0,,34,0,,1.9284781024283575,1.2847810242833475,-4.574066347588484,0.5695620485667519,-0.1524022383826491,1.6423905121416738,-1.7355979561976937,3.26057173206161,2.913639313853802,1.4170336964732535,2.57127884475566,2.3108917087622043,3.1015522599380168,2.53091381588566,0.7403191285097206,0.6852247282745167,0.47030670034394806,0.628978408497351,0.5899910917607789,0.7152852505970749,0.7256329960634063,2.9671248714096405,"[{'hour_utc': 18, 'regime': 'advective',",0.7454296201383934,0.6979211895087023,0.7934107040496347,2.0077494893086554
3.482922309935147,-2.7406778406633636,-7.46560485725513,0.10000000000002274,LBWN_DYNM_2025-02-06,DYNM,0.42,0.15588235294117647,0.02,-7.450243057739499,2025-02-06,CN,False,,LBWN,,,-6.720455775066284,,-2.260759321841647,,-3.6132834198659225,,,1.355704839095376,,2.3096916902309497,,2.0214453915849004,,,0.5316410379217198,,0.7067055825630839,,0.6670613674563887,10000.0,0.0,-6.0,,34,0,,-0.07680899757809811,-0.7680899757809243,-6.720455751662428,-1.5361799515619055,-2.294650850802384,-0.3840449878904906,-3.6130828496648064,2.4120186210555055,2.155374504978069,1.3557048396109768,1.9021124995839256,1.7176610280479319,2.294383572497389,2.0214498102638885,0.633337902817719,0.5886415491424704,0.5316410371163011,0.5428470614473226,0.5135422982528518,0.6130474025100863,0.6670526008191213,2.434657437259644,"[{'hour_utc': 18, 'regime': 'radiative',",0.9223062906976993,0.7869779680621415,0.9593479334862629,1.3384996595391037
2.8027206073658,-6.246480156639109,-10.472844262404124,-2.1000000000000227,LBWN_DYNM_2025-02-10,DYNM,0.62,0.23117647058823532,0.15,-6.46975119975076,2025-02-10,CN,False,,LBWN,,,-6.0855738711501886,,-4.923543542128755,,-6.204637414194451,,,1.1293317812617418,,1.9259500858000564,,1.6177954240171035,,,0.42039601515553904,,0.7161679917706486,,0.6463854967845084,10000.0,-1.0,-6.0,,34,0,,-4.01546531326693,-4.1546531326693525,-6.085573867027165,-4.309306265338705,-4.532407252126518,-4.077326566334705,-6.204584354866199,2.233506348783549,1.995856412049536,1.1293317835884684,1.7613382766682935,1.583086800636897,2.1245774464778218,1.6178253667728428,0.785518557094711,0.7012471823892139,0.42039601589992925,0.6181813730330253,0.5595885083254908,0.7468806454220662,0.6463943497059236,2.0851655889464213,"[{'hour_utc': 18, 'regime': 'advective',",0.9171351557524785,0.8705763489581857,0.9433028131799323,2.3423744041934307
3.0170754989061495,-2.42865311075343,-6.367187349846688,1.5,LBWN_DYNM_2025-03-18,DYNM,0.25,0.02411764705882353,0.07,-6.369645015788308,2025-03-18,CN,False,,LBWN,,,-6.295791650405306,0.1597292574087419,-0.5488573750786827,,-1.8815984860239041,,,1.3550368573536644,1.7646284593702528,1.6674776360177392,,1.48612451523425,,,0.5124978928043856,0.45523874688140864,0.4468922983194348,,0.42848215870687145,10000.0,3.0,-11.0,,34,0,,0.012288329708042056,0.12288329708053425,-6.295791653082404,0.2457665941610685,0.2336827757076776,0.061441648540267124,-1.8816441550308127,2.066900463821252,1.8469778352345605,1.3550368609304675,1.6299533937678747,1.462991562894608,1.9660970264067033,1.486185531965413,0.5392045073214753,0.4725738680315758,0.5124978941317581,0.408153562753805,0.36331338942073366,0.5085032940341704,0.4285006364082683,1.8542608686377329,"[{'hour_utc': 18, 'regime': 'advective',",0.603848978494218,0.5791019132638617,0.6934990755436322,2.0077494893086554
3.2068459841541443,3.371496966524501,-5.040186979830253,6.300000000000011,LBWN_DYNM_2025-03-21,DYNM,0.15,0.019411764705882354,0.04,-11.061844577246973,2025-03-21,FA,False,,LBWN,,,4.313446436689219,7.830979759410184,7.586066872822073,,7.112491496395592,,,3.223011360447209,3.2870482769292435,3.1113538041436386,,2.807357530170469,,,0.5585848110123647,0.49142210113781654,0.46725476941691324,,0.42507637057198994,559.6649295911797,10.0,-1.0,,34,0,,6.108287987083486,7.082879870835086,4.313446408780408,8.165759741670172,8.998950067937812,6.541439935417543,7.112062683570116,3.51056328084798,3.137031098648851,3.223011363596597,2.7684214029001355,2.514197166722558,3.339351577020117,2.807405919862756,0.5928950769634107,0.48964660836137525,0.5585848125287962,0.39608640302817155,0.33729244280373827,0.5445298032364138,0.4250969241897011,3.4001241893596843,"[{'hour_utc': 18, 'regime': 'advective',",0.8651675441265766,0.70498122822814,0.9948876834052696,2.0077494893086554
0.7202546658887814,22.362488128507927,20.695061342108488,23.80000000000001,LBWN_DYNM_2026-07-20,DYNM,0.75,0.2788235294117647,0.0,-3.2957301496600167,2026-07-20,CN,False,,LBWN,,23.463280293757634,21.236974789915962,23.05528355773157,22.64728682170545,,21.76414533516703,,14.602500289980977,12.622254165144131,13.606691309584784,12.61088232918859,,10.805951237147523,,0.7883834055298796,0.7044658440211627,0.7439945483912835,0.6996056912526875,,0.6184046928139977,10000.0,27.0,20.0,,35,0,,23.953957458842524,23.53957458842524,21.23697479421088,23.07914917685048,22.63327098118657,23.76978729421262,21.764315735349044,13.792402177380058,12.324855059987065,12.622254158904276,10.876647590273636,10.83802187838595,13.119739273377384,10.805703673290301,0.7223269937929961,0.6552627217307653,0.704465843491562,0.5880745169412096,0.5985317546444986,0.6917063403915701,0.618383558858587,14.495151056163554,"[{'hour_utc': 18, 'regime': 'dynamic', '",0.8982212745591921,0.8414963654238058,0.8982212745591921,1.3384996595391037
1.1165195592674382,17.261127729703684,14.739107431436423,19.30000000000001,LBWN_DYNM_2026-07-24,DYNM,0.05,0.007647058823529412,0.0,-2.317315485510278,2026-07-24,CN,False,,LBWN,,18.696344553486767,14.32619088699488,18.411700399918175,18.048090669999794,18.83866663027112,17.171342123236172,,11.278918909768706,7.694033854054049,10.748717452410007,10.187537199931503,11.544019638448054,9.086101833615638,,0.8164957601136825,0.6645044155554932,0.7830955454064317,0.7503962664090575,0.833195867467308,0.6917886793318541,10000.0,23.0,14.0,,35,0,,17.28211458473345,19.82114584733438,14.326190873712164,22.642291694668813,24.882905038847753,18.41057292366719,17.17120796452724,10.649018525463353,9.515935767690019,7.694033848005252,8.39778501521138,7.561039015128394,10.129660251179702,9.086040739258413,0.8504445282041871,0.638957430477985,0.6645044156202965,0.4663679262849313,0.3653503425023291,0.7487262914577599,0.6917900769146202,10.869118247396578,"[{'hour_utc': 18, 'regime': 'dynamic', '",0.9116930478255046,0.8704760678187616,0.9155962448827779,3.0116242339629835
1.9632716578826699,20.48189223042713,18.217559306442183,20.899999999999977,LBWN_DYNM_2026-07-26,DYNM,0.0,0.0,0.0,-4.770084041218297,2026-07-26,CN,False,,LBWN,,22.340745525187913,18.00863859683534,22.10724554532311,21.87044872859036,,21.17529396831293,,11.43644575932946,7.2445360559650105,10.29834910701431,9.16223419058361,,7.023185237818348,,0.6611541088847487,0.49567948924917915,0.5968917191782548,0.5328049635529475,,0.41643479183452914,10000.0,26.0,15.0,,35,0,,22.9382167383024,22.38216738302384,18.008638598382845,21.764334766047625,21.192551919891855,22.691083691511892,21.10813095644852,11.367495281334872,10.15796469069594,7.24453605548487,8.964373551133828,7.948612016715806,10.813096482184507,6.902911424634334,0.6341382253711115,0.5804592691088514,0.4956794891672637,0.526208182887088,0.4781657778772816,0.6096841850303368,0.41101939709216007,11.519359232655898,"[{'hour_utc': 18, 'regime': 'dynamic', '",0.8574477127324709,0.754464232215146,0.9080417058155058,1.6731245744238796
2.0470805178024016,21.837088130938845,15.91342791392941,23.0,LBWN_DYNM_2026-07-27,DYNM,0.28,0.017647058823529415,0.0,-8.108248770113278,2026-07-27,CN,False,,LBWN,,24.963744838652246,21.817068579716306,25.078195809146564,25.15474821437664,,25.003524124630644,,13.694308613757087,8.874476457996831,12.812387139984397,11.931547024822367,,10.178550201757034,,0.6719571575661618,0.4762942989546735,0.6173503811006495,0.5646707725631573,,0.47478688791718904,551.8858813045584,28.0,18.0,,35,0,,24.108383420213556,25.083834202135222,21.817068577015164,26.167668404270444,27.084178168677283,24.54191710106761,25.068735629739365,12.936772969187443,11.560267069437584,8.874476455149027,10.20190105686034,9.131605300815208,12.30583959408232,10.083829367726764,0.6710800425293197,0.5586015388988258,0.4762942988836049,0.45574023321346036,0.38150131649353114,0.618513707863729,0.46859205233652906,13.06602354518235,"[{'hour_utc': 18, 'regime': 'radiative',",0.9043280848694993,0.7858293489596428,0.9945678969028106,1.3384996595391037
